/*
Navicat MySQL Data Transfer

Source Server         : ali_mysql
Source Server Version : 50647
Source Host           : 121.41.109.223:3306
Source Database       : vhr

Target Server Type    : MYSQL
Target Server Version : 50647
File Encoding         : 65001

Date: 2020-04-17 16:44:57
*/

SET FOREIGN_KEY_CHECKS=0;

-- ----------------------------
-- Table structure for adjustSalary
-- ----------------------------
DROP TABLE IF EXISTS `adjustSalary`;
CREATE TABLE `adjustSalary` (
  `id` int(11) NOT NULL AUTO_INCREMENT,
  `eid` int(11) DEFAULT NULL,
  `date` date DEFAULT NULL COMMENT '调薪日期',
  `beforeSalary` int(11) DEFAULT NULL COMMENT '调前薪资',
  `afterSalary` int(11) DEFAULT NULL COMMENT '调后薪资',
  `reason` varchar(255) DEFAULT NULL COMMENT '调薪原因',
  `remark` varchar(255) DEFAULT NULL COMMENT '备注',
  PRIMARY KEY (`id`),
  KEY `pid` (`eid`),
  CONSTRAINT `adjustSalary_ibfk_1` FOREIGN KEY (`eid`) REFERENCES `employee` (`id`)
) ENGINE=InnoDB AUTO_INCREMENT=11 DEFAULT CHARSET=utf8;

-- ----------------------------
-- Records of adjustSalary
-- ----------------------------
INSERT INTO `adjustSalary` VALUES ('1', '1', '2020-04-01', '2000', '5000', '达到两年工龄', null);
INSERT INTO `adjustSalary` VALUES ('2', '3', '2020-03-31', '20000', '21000', '季度调薪', null);
INSERT INTO `adjustSalary` VALUES ('3', '2', '2020-04-02', '9000', '10000', '开心', null);

-- ----------------------------
-- Table structure for appraise
-- ----------------------------
DROP TABLE IF EXISTS `appraise`;
CREATE TABLE `appraise` (
  `id` int(11) NOT NULL AUTO_INCREMENT,
  `eid` int(11) DEFAULT NULL,
  `app_date` date DEFAULT NULL COMMENT '考评日期',
  `app_result` varchar(32) DEFAULT NULL COMMENT '考评结果',
  `app_content` varchar(255) DEFAULT NULL COMMENT '考评内容',
  `remark` varchar(255) DEFAULT NULL COMMENT '备注',
  PRIMARY KEY (`id`),
  KEY `pid` (`eid`),
  CONSTRAINT `appraise_ibfk_1` FOREIGN KEY (`eid`) REFERENCES `employee` (`id`)
) ENGINE=InnoDB DEFAULT CHARSET=utf8;

-- ----------------------------
-- Records of appraise
-- ----------------------------

-- ----------------------------
-- Table structure for comment
-- ----------------------------
DROP TABLE IF EXISTS `comment`;
CREATE TABLE `comment` (
  `id` int(11) NOT NULL AUTO_INCREMENT,
  `eid` int(11) DEFAULT NULL,
  `mid` int(11) DEFAULT NULL,
  `comment` varchar(255) DEFAULT NULL COMMENT '评论内容',
  `create_date` datetime DEFAULT NULL COMMENT '评论时间',
  PRIMARY KEY (`id`),
  KEY `eid` (`eid`),
  KEY `mid` (`mid`),
  CONSTRAINT `comment_ibfk_1` FOREIGN KEY (`eid`) REFERENCES `employee` (`id`),
  CONSTRAINT `comment_ibfk_2` FOREIGN KEY (`mid`) REFERENCES `mission` (`id`)
) ENGINE=InnoDB DEFAULT CHARSET=utf8mb4;

-- ----------------------------
-- Records of comment
-- ----------------------------

-- ----------------------------
-- Table structure for department
-- ----------------------------
DROP TABLE IF EXISTS `department`;
CREATE TABLE `department` (
  `id` int(11) NOT NULL AUTO_INCREMENT,
  `name` varchar(32) DEFAULT NULL COMMENT '部门名称',
  `parent_id` int(11) DEFAULT NULL,
  `dep_path` varchar(255) DEFAULT NULL,
  `enabled` tinyint(1) DEFAULT '1',
  `is_parent` tinyint(1) DEFAULT '0',
  PRIMARY KEY (`id`)
) ENGINE=InnoDB AUTO_INCREMENT=105 DEFAULT CHARSET=utf8;

-- ----------------------------
-- Records of department
-- ----------------------------
INSERT INTO `department` VALUES ('1', '股东会', '-1', '.1', '1', '1');
INSERT INTO `department` VALUES ('4', '董事会', '1', '.1.4', '1', '1');
INSERT INTO `department` VALUES ('5', '总办', '4', '.1.4.5', '1', '1');
INSERT INTO `department` VALUES ('8', '财务部', '5', '.1.4.5.8', '1', '0');
INSERT INTO `department` VALUES ('78', '市场部', '5', '.1.4.5.78', '1', '1');
INSERT INTO `department` VALUES ('81', '华北市场部', '78', '.1.4.5.78.81', '1', '1');
INSERT INTO `department` VALUES ('82', '华南市场部', '78', '.1.4.5.78.82', '1', '0');
INSERT INTO `department` VALUES ('85', '石家庄市场部', '81', '.1.4.5.78.81.85', '1', '0');
INSERT INTO `department` VALUES ('86', '西北市场部', '78', '.1.4.5.78.86', '1', '1');
INSERT INTO `department` VALUES ('87', '西安市场', '86', '.1.4.5.78.86.87', '1', '1');
INSERT INTO `department` VALUES ('89', '莲湖区市场', '87', '.1.4.5.78.86.87.89', '1', '0');
INSERT INTO `department` VALUES ('91', '研发部', '5', '.1.4.5.91', '1', '0');
INSERT INTO `department` VALUES ('92', '运维部', '5', '.1.4.5.92', '1', '1');
INSERT INTO `department` VALUES ('93', '运维1部', '92', '.1.4.5.92.93', '1', '0');
INSERT INTO `department` VALUES ('94', '运维2部', '92', '.1.4.5.92.94', '1', '0');

-- ----------------------------
-- Table structure for emp_mission_rel
-- ----------------------------
DROP TABLE IF EXISTS `emp_mission_rel`;
CREATE TABLE `emp_mission_rel` (
  `id` int(11) NOT NULL AUTO_INCREMENT,
  `eid` int(11) DEFAULT NULL,
  `mid` int(11) DEFAULT NULL,
  PRIMARY KEY (`id`),
  KEY `eid` (`eid`),
  KEY `mid` (`mid`),
  CONSTRAINT `emp_mission_rel_ibfk_1` FOREIGN KEY (`eid`) REFERENCES `employee` (`id`),
  CONSTRAINT `emp_mission_rel_ibfk_2` FOREIGN KEY (`mid`) REFERENCES `mission` (`id`)
) ENGINE=InnoDB DEFAULT CHARSET=utf8mb4;

-- ----------------------------
-- Records of emp_mission_rel
-- ----------------------------

-- ----------------------------
-- Table structure for emp_pro_rel
-- ----------------------------
DROP TABLE IF EXISTS `emp_pro_rel`;
CREATE TABLE `emp_pro_rel` (
  `id` int(11) NOT NULL AUTO_INCREMENT,
  `eid` int(11) NOT NULL,
  `pid` int(11) NOT NULL,
  PRIMARY KEY (`id`),
  KEY `eid` (`eid`),
  KEY `pid` (`pid`),
  CONSTRAINT `emp_pro_rel_ibfk_1` FOREIGN KEY (`eid`) REFERENCES `employee` (`id`),
  CONSTRAINT `emp_pro_rel_ibfk_2` FOREIGN KEY (`pid`) REFERENCES `Project` (`id`)
) ENGINE=InnoDB AUTO_INCREMENT=4 DEFAULT CHARSET=utf8mb4;

-- ----------------------------
-- Records of emp_pro_rel
-- ----------------------------
INSERT INTO `emp_pro_rel` VALUES ('1', '2', '1');
INSERT INTO `emp_pro_rel` VALUES ('2', '2', '2');
INSERT INTO `emp_pro_rel` VALUES ('3', '2', '3');

-- ----------------------------
-- Table structure for employee
-- ----------------------------
DROP TABLE IF EXISTS `employee`;
CREATE TABLE `employee` (
  `id` int(11) NOT NULL AUTO_INCREMENT COMMENT '员工编号',
  `name` varchar(10) DEFAULT NULL COMMENT '员工姓名',
  `gender` char(4) DEFAULT NULL COMMENT '性别',
  `birthday` date DEFAULT NULL COMMENT '出生日期',
  `id_card` char(18) DEFAULT NULL COMMENT '身份证号',
  `password` varchar(255) DEFAULT NULL,
  `wedlock` enum('已婚','未婚','离异') DEFAULT NULL COMMENT '婚姻状况',
  `nationId` int(8) DEFAULT NULL COMMENT '民族',
  `native_place` varchar(20) DEFAULT NULL COMMENT '籍贯',
  `politicId` int(8) DEFAULT NULL COMMENT '政治面貌',
  `email` varchar(20) DEFAULT NULL COMMENT '邮箱',
  `phone` varchar(11) DEFAULT NULL COMMENT '电话号码',
  `address` varchar(64) DEFAULT NULL COMMENT '联系地址',
  `departmentId` int(11) DEFAULT NULL COMMENT '所属部门',
  `jobLevelId` int(11) DEFAULT NULL COMMENT '职称ID',
  `posId` int(11) DEFAULT NULL COMMENT '职位ID',
  `engage_form` varchar(8) DEFAULT NULL COMMENT '聘用形式',
  `tiptop_degree` enum('博士','硕士','本科','大专','高中','初中','小学','其他') DEFAULT NULL COMMENT '最高学历',
  `specialty` varchar(32) DEFAULT NULL COMMENT '所属专业',
  `school` varchar(32) DEFAULT NULL COMMENT '毕业院校',
  `begin_date` date DEFAULT NULL COMMENT '入职日期',
  `work_state` enum('在职','离职') DEFAULT '在职' COMMENT '在职状态',
  `work_id` char(8) DEFAULT NULL COMMENT '工号',
  `contract_term` double DEFAULT NULL COMMENT '合同期限',
  `conversion_time` date DEFAULT NULL COMMENT '转正日期',
  `notWork_date` date DEFAULT NULL COMMENT '离职日期',
  `begin_contract` date DEFAULT NULL COMMENT '合同起始日期',
  `end_contract` date DEFAULT NULL COMMENT '合同终止日期',
  `work_age` int(11) DEFAULT NULL COMMENT '工龄',
  PRIMARY KEY (`id`),
  KEY `departmentId` (`departmentId`),
  KEY `jobId` (`jobLevelId`),
  KEY `dutyId` (`posId`),
  KEY `nationId` (`nationId`),
  KEY `politicId` (`politicId`),
  KEY `workID_key` (`work_id`),
  CONSTRAINT `employee_ibfk_1` FOREIGN KEY (`departmentId`) REFERENCES `department` (`id`),
  CONSTRAINT `employee_ibfk_2` FOREIGN KEY (`jobLevelId`) REFERENCES `jobLevel` (`id`),
  CONSTRAINT `employee_ibfk_3` FOREIGN KEY (`posId`) REFERENCES `position` (`id`),
  CONSTRAINT `employee_ibfk_4` FOREIGN KEY (`nationId`) REFERENCES `nation` (`id`),
  CONSTRAINT `employee_ibfk_5` FOREIGN KEY (`politicId`) REFERENCES `politicsStatus` (`id`)
) ENGINE=InnoDB AUTO_INCREMENT=1943 DEFAULT CHARSET=utf8;

-- ----------------------------
-- Records of employee
-- ----------------------------
INSERT INTO `employee` VALUES ('1', '江南一点雨', '男', '1990-01-01', '610122199001011256', '123456', '已婚', '1', '陕西', '13', 'laowang@qq.com', '18565558897', '深圳市南山区', '5', '9', '29', '劳务合同', '本科', '信息管理与信息系统', '深圳大学', '2018-01-01', '在职', '00000001', '2', '2018-04-01', null, '2018-01-01', '2020-01-01', null);
INSERT INTO `employee` VALUES ('2', '陈静', '女', '1989-02-01', '421288198902011234', '123456', '已婚', '1', '海南', '1', 'chenjing@qq.com', '18795556693', '海南省海口市美兰区', '91', '12', '37', '劳动合同', '高中', '市场营销', '武汉大学', '2015-06-09', '在职', '00000002', '3', '2015-09-10', null, '2015-06-09', '2018-06-08', null);
INSERT INTO `employee` VALUES ('3', '赵琳浩', '男', '1993-03-04', '610122199303041456', '123456', '未婚', '1', '陕西', '3', 'zhao@qq.com', '15698887795', '陕西省西安市莲湖区', '91', '12', '33', '劳动合同', '博士', '电子工程', '哈尔滨理工大学', '2018-01-01', '在职', '00000003', '3.5', '2018-04-01', null, '2018-01-01', '2021-07-14', null);
INSERT INTO `employee` VALUES ('4', '鹿存亮', '男', '1990-01-03', '610122199001031456', '123456', '已婚', '1', '陕西', '3', 'zhao@qq.com', '15612347795', '陕西省西安市莲湖区', '92', '12', '34', '劳动合同', '高中', '电子工程', '哈尔滨理工大学', '2018-01-01', '在职', '00000004', '3.5', '2018-04-01', null, '2018-01-01', '2021-07-14', null);
INSERT INTO `employee` VALUES ('5', '姚森', '男', '1991-02-05', '610122199102058952', '123456', '已婚', '1', '河南', '3', 'yaosen@qq.com', '14785559936', '河南洛阳人民大道58号', '92', '15', '34', '劳动合同', '硕士', '室内装修设计', '西北大学', '2017-01-02', '在职', '00000005', '7', '2017-04-02', null, '2017-01-02', '2024-01-17', null);
INSERT INTO `employee` VALUES ('6', '云星', '女', '1993-01-05', '610122199301054789', '123456', '已婚', '1', '陕西西安', '1', 'yunxing@qq.com', '15644442252', '陕西西安新城区', '92', '16', '34', '劳务合同', '硕士', '通信工程', '西安电子科技学校', '2018-01-01', '在职', '00000006', '5.25', '2018-04-01', null, '2018-01-01', '2023-04-13', null);
INSERT INTO `employee` VALUES ('7', '贾旭明', '男', '1993-11-11', '610122199311111234', '123456', '已婚', '1', '广东广州', '4', 'jiaxuming@qq.com', '15644441234', '广东省广州市天河区冼村路', '78', '15', '33', '劳务合同', '初中', '通信工程', '西北大学', '2018-01-01', '在职', '00000007', '5.25', '2018-04-01', null, '2018-01-01', '2023-04-13', null);
INSERT INTO `employee` VALUES ('8', '张黎明', '男', '1991-02-01', '610144199102014569', '123456', '已婚', '1', '广东', '6', 'zhangliming@qq.com', '18979994478', '广东珠海', '91', '15', '33', '劳动合同', '高中', '考古', '清华大学', '2018-01-01', '在职', '00000008', '7', '2018-04-01', null, '2018-01-01', '2025-01-30', null);
INSERT INTO `employee` VALUES ('9', '薛磊', '男', '1992-07-01', '610144199207017895', '123456', '已婚', '1', '陕西西安', '13', 'xuelei@qq.com', '15648887741', '西安市雁塔区', '92', '14', '34', '劳动合同', '初中', '无', '华胥中学', '2018-01-01', '在职', '00000009', '6', '2018-04-01', null, '2018-01-01', '2024-01-17', null);
INSERT INTO `employee` VALUES ('10', '张洁', '女', '1990-10-09', '420177199010093652', '123456', '未婚', '1', '海南', '5', 'zhangjie@qq.com', '13695557742', '海口市美兰区', '92', '16', '34', '劳动合同', '高中', '无', '海南侨中', '2018-01-01', '在职', '00000010', '1', '2018-01-31', null, '2018-01-01', '2019-01-01', null);
INSERT INTO `employee` VALUES ('11', '江南一点雨2', '男', '1990-01-01', '610122199001011256', '123456', '已婚', '1', '陕西', '13', 'laowang@qq.com', '18565558897', '深圳市南山区', '91', '9', '29', '劳动合同', '本科', '信息管理与信息系统', '深圳大学', '2018-01-01', '在职', '00000011', '1', '2018-04-01', null, '2018-01-01', '2019-01-01', null);
INSERT INTO `employee` VALUES ('12', '陈静2', '女', '1989-02-01', '421288198902011234', '123456', '已婚', '1', '海南', '1', 'chenjing@qq.com', '18795556693', '海南省海口市美兰区', '82', '12', '30', '劳动合同', '高中', '市场营销', '武汉大学', '2015-06-09', '在职', '00000012', '3', '2015-09-10', null, '2015-06-09', '2018-06-08', null);
INSERT INTO `employee` VALUES ('13', '赵琳浩2', '男', '1993-03-04', '610122199303041456', '123456', '未婚', '1', '陕西', '3', 'zhao@qq.com', '15698887795', '陕西省西安市莲湖区', '91', '12', '33', '劳动合同', '博士', '电子工程', '哈尔滨理工大学', '2018-01-01', '在职', '00000013', '3.5', '2018-04-01', null, '2018-01-01', '2021-07-14', null);
INSERT INTO `employee` VALUES ('14', '鹿存亮2', '男', '1990-01-03', '610122199001031456', '123456', '已婚', '1', '陕西', '3', 'zhao@qq.com', '15612347795', '陕西省西安市莲湖区', '92', '12', '34', '劳动合同', '高中', '电子工程', '哈尔滨理工大学', '2018-01-01', '在职', '00000014', '3.5', '2018-04-01', null, '2018-01-01', '2021-07-14', null);
INSERT INTO `employee` VALUES ('15', '姚森2', '男', '1991-02-05', '610122199102058952', '123456', '已婚', '1', '河南', '3', 'yaosen@qq.com', '14785559936', '河南洛阳人民大道58号', '92', '15', '34', '劳动合同', '初中', '室内装修设计', '西北大学', '2017-01-02', '在职', '00000015', '7', '2017-04-02', null, '2017-01-02', '2024-01-17', null);
INSERT INTO `employee` VALUES ('16', '云星2', '女', '1993-01-05', '610122199301054789', '123456', '已婚', '1', '陕西西安', '1', 'yunxing@qq.com', '15644442252', '陕西西安新城区', '92', '16', '34', '劳务合同', '硕士', '通信工程', '西安电子科技学校', '2018-01-01', '在职', '00000016', '5.25', '2018-04-01', null, '2018-01-01', '2023-04-13', null);
INSERT INTO `employee` VALUES ('17', '贾旭明2', '男', '1993-11-11', '610122199311111234', '123456', '已婚', '1', '广东广州', '4', 'jiaxuming@qq.com', '15644441234', '广东省广州市天河区冼村路', '78', '15', '33', '劳务合同', '初中', '通信工程', '西北大学', '2018-01-01', '在职', '00000017', '5.25', '2018-04-01', null, '2018-01-01', '2023-04-13', null);
INSERT INTO `employee` VALUES ('18', '王一亭', '男', '1991-02-01', '610144199102014569', '123456', '已婚', '1', '广东', '6', 'zhangliming@qq.com', '18979994478', '广东珠海', '91', '15', '33', '劳动合同', '高中', '考古', '清华大学', '2018-01-01', '在职', '00000018', '7', '2018-04-01', null, '2018-01-01', '2025-01-30', null);
INSERT INTO `employee` VALUES ('19', '薛磊2', '男', '1992-07-01', '610144199207017895', '123456', '已婚', '1', '陕西西安', '13', 'xuelei@qq.com', '15648887741', '西安市雁塔区', '92', '14', '34', '劳动合同', '初中', '无', '华胥中学', '2018-01-01', '在职', '00000019', '1', '2018-04-01', null, '2018-01-01', '2019-01-01', null);
INSERT INTO `employee` VALUES ('20', '张洁2', '女', '1990-10-09', '420177199010093652', '123456', '未婚', '1', '海南', '5', 'zhangjie@qq.com', '13695557742', '海口市美兰区', '92', '16', '34', '劳动合同', '高中', '无', '海南侨中', '2018-01-01', '在职', '00000020', '1', '2018-01-31', null, '2018-01-01', '2019-01-01', null);
INSERT INTO `employee` VALUES ('21', '江南一点雨3', '男', '1990-01-01', '610122199001011256', '123456', '已婚', '1', '陕西', '13', 'laowang@qq.com', '18565558897', '深圳市南山区', '8', '9', '29', '劳动合同', '本科', '信息管理与信息系统', '深圳大学', '2018-01-01', '在职', '00000021', '1', '2018-04-01', null, '2018-01-01', '2019-01-01', null);
INSERT INTO `employee` VALUES ('22', '陈静3', '女', '1989-02-01', '421288198902011234', '123456', '已婚', '1', '海南', '1', 'chenjing@qq.com', '18795556693', '海南省海口市美兰区', '82', '12', '30', '劳动合同', '高中', '市场营销', '武汉大学', '2015-06-09', '在职', '00000022', '3', '2015-09-10', null, '2015-06-09', '2018-06-08', null);
INSERT INTO `employee` VALUES ('24', '鹿存亮3', '男', '1990-01-03', '610122199001031456', '123456', '已婚', '1', '陕西', '3', 'zhao@qq.com', '15612347795', '陕西省西安市莲湖区', '92', '12', '34', '劳动合同', '高中', '电子工程', '哈尔滨理工大学', '2018-01-01', '在职', '00000024', '3.5', '2018-04-01', null, '2018-01-01', '2021-07-14', null);
INSERT INTO `employee` VALUES ('25', '姚森3', '男', '1991-02-05', '610122199102058952', '123456', '已婚', '1', '河南', '3', 'yaosen@qq.com', '14785559936', '河南洛阳人民大道58号', '92', '15', '34', '劳动合同', '初中', '室内装修设计', '西北大学', '2017-01-02', '在职', '00000025', '7', '2017-04-02', null, '2017-01-02', '2024-01-17', null);
INSERT INTO `employee` VALUES ('26', '云星3', '女', '1993-01-05', '610122199301054789', '123456', '已婚', '1', '陕西西安', '1', 'yunxing@qq.com', '15644442252', '陕西西安新城区', '92', '16', '34', '劳务合同', '硕士', '通信工程', '西安电子科技学校', '2018-01-01', '在职', '00000026', '5.25', '2018-04-01', null, '2018-01-01', '2023-04-13', null);
INSERT INTO `employee` VALUES ('27', '贾旭明3', '男', '1993-11-11', '610122199311111234', '123456', '已婚', '1', '广东广州', '4', 'jiaxuming@qq.com', '15644441234', '广东省广州市天河区冼村路', '78', '15', '33', '劳务合同', '初中', '通信工程', '西北大学', '2018-01-01', '在职', '00000027', '5.25', '2018-04-01', null, '2018-01-01', '2023-04-13', null);
INSERT INTO `employee` VALUES ('28', '张黎明3', '男', '1991-02-01', '610144199102014569', '123456', '已婚', '1', '广东', '6', 'zhangliming@qq.com', '18979994478', '广东珠海', '91', '15', '33', '劳动合同', '高中', '考古', '清华大学', '2018-01-01', '在职', '00000028', '7', '2018-04-01', null, '2018-01-01', '2025-01-30', null);
INSERT INTO `employee` VALUES ('29', '薛磊3', '男', '1992-07-01', '610144199207017895', '123456', '已婚', '1', '陕西西安', '13', 'xuelei@qq.com', '15648887741', '西安市雁塔区', '92', '14', '34', '劳动合同', '初中', '无', '华胥中学', '2018-01-01', '在职', '00000029', '6', '2018-04-01', null, '2018-01-01', '2024-01-17', null);
INSERT INTO `employee` VALUES ('31', '江南一点雨4', '男', '1990-01-01', '610122199001011256', '123456', '已婚', '1', '陕西', '13', 'laowang@qq.com', '18565558897', '深圳市南山区', '8', '9', '29', '劳动合同', '本科', '信息管理与信息系统', '深圳大学', '2018-01-01', '在职', '00000031', '1', '2018-04-01', null, '2018-01-01', '2019-01-01', null);
INSERT INTO `employee` VALUES ('32', '陈静4', '女', '1989-02-01', '421288198902011234', '123456', '已婚', '1', '海南', '1', 'chenjing@qq.com', '18795556693', '海南省海口市美兰区', '82', '12', '30', '劳动合同', '高中', '市场营销', '武汉大学', '2015-06-09', '在职', '00000032', '3', '2015-09-10', null, '2015-06-09', '2018-06-08', null);
INSERT INTO `employee` VALUES ('33', '赵琳浩4', '男', '1993-03-04', '610122199303041456', '123456', '未婚', '1', '陕西', '3', 'zhao@qq.com', '15698887795', '陕西省西安市莲湖区', '91', '12', '33', '劳动合同', '博士', '电子工程', '哈尔滨理工大学', '2018-01-01', '在职', '00000033', '3.5', '2018-04-01', null, '2018-01-01', '2021-07-14', null);
INSERT INTO `employee` VALUES ('34', '鹿存亮4', '男', '1990-01-03', '610122199001031456', '123456', '已婚', '1', '陕西', '3', 'zhao@qq.com', '15612347795', '陕西省西安市莲湖区', '92', '12', '34', '劳动合同', '高中', '电子工程', '哈尔滨理工大学', '2018-01-01', '在职', '00000034', '3.5', '2018-04-01', null, '2018-01-01', '2021-07-14', null);
INSERT INTO `employee` VALUES ('35', '姚森4', '男', '1991-02-05', '610122199102058952', '123456', '已婚', '1', '河南', '3', 'yaosen@qq.com', '14785559936', '河南洛阳人民大道58号', '92', '15', '34', '劳动合同', '初中', '室内装修设计', '西北大学', '2017-01-02', '在职', '00000035', '7', '2017-04-02', null, '2017-01-02', '2024-01-17', null);
INSERT INTO `employee` VALUES ('36', '云星4', '女', '1993-01-05', '610122199301054789', '123456', '已婚', '1', '陕西西安', '1', 'yunxing@qq.com', '15644442252', '陕西西安新城区', '92', '16', '34', '劳务合同', '硕士', '通信工程', '西安电子科技学校', '2018-01-01', '在职', '00000036', '5.25', '2018-04-01', null, '2018-01-01', '2023-04-13', null);
INSERT INTO `employee` VALUES ('37', '贾旭明4', '男', '1993-11-11', '610122199311111234', '123456', '已婚', '1', '广东广州', '4', 'jiaxuming@qq.com', '15644441234', '广东省广州市天河区冼村路', '78', '15', '33', '劳务合同', '初中', '通信工程', '西北大学', '2018-01-01', '在职', '00000037', '5.25', '2018-04-01', null, '2018-01-01', '2023-04-13', null);
INSERT INTO `employee` VALUES ('38', '张黎明2', '男', '1991-02-01', '610144199102014569', '123456', '已婚', '1', '广东', '6', 'zhangliming@qq.com', '18979994478', '广东珠海', '91', '15', '33', '劳动合同', '高中', '考古', '清华大学', '2018-01-01', '在职', '00000038', '7', '2018-04-01', null, '2018-01-01', '2025-01-30', null);
INSERT INTO `employee` VALUES ('39', '薛磊4', '男', '1992-07-01', '610144199207017895', '123456', '已婚', '1', '陕西西安', '13', 'xuelei@qq.com', '15648887741', '西安市雁塔区', '92', '14', '34', '劳动合同', '初中', '无', '华胥中学', '2018-01-01', '在职', '00000039', '6', '2018-04-01', null, '2018-01-01', '2024-01-17', null);
INSERT INTO `employee` VALUES ('40', '张洁4', '女', '1990-10-09', '420177199010093652', '123456', '未婚', '1', '海南', '5', 'zhangjie@qq.com', '13695557742', '海口市美兰区', '92', '16', '34', '劳动合同', '高中', '无', '海南侨中', '2018-01-01', '在职', '00000040', '1', '2018-01-31', null, '2018-01-01', '2019-01-01', null);
INSERT INTO `employee` VALUES ('41', '江南一点雨5', '男', '1990-01-01', '610122199001011256', '123456', '已婚', '1', '陕西', '13', 'laowang@qq.com', '18565558897', '深圳市南山区', '8', '9', '29', '劳动合同', '本科', '信息管理与信息系统', '深圳大学', '2018-01-01', '在职', '00000041', '1', '2018-04-01', null, '2018-01-01', '2019-01-01', null);
INSERT INTO `employee` VALUES ('42', '陈静5', '女', '1989-02-01', '421288198902011234', '123456', '已婚', '1', '海南', '1', 'chenjing@qq.com', '18795556693', '海南省海口市美兰区', '82', '12', '30', '劳动合同', '高中', '市场营销', '武汉大学', '2015-06-09', '在职', '00000042', '3', '2015-09-10', null, '2015-06-09', '2018-06-08', null);
INSERT INTO `employee` VALUES ('43', '赵琳浩5', '男', '1993-03-04', '610122199303041456', '123456', '未婚', '1', '陕西', '3', 'zhao@qq.com', '15698887795', '陕西省西安市莲湖区', '91', '12', '33', '劳动合同', '博士', '电子工程', '哈尔滨理工大学', '2018-01-01', '在职', '00000043', '3.5', '2018-04-01', null, '2018-01-01', '2021-07-14', null);
INSERT INTO `employee` VALUES ('44', '鹿存亮5', '男', '1990-01-03', '610122199001031456', '123456', '已婚', '1', '陕西', '3', 'zhao@qq.com', '15612347795', '陕西省西安市莲湖区', '92', '12', '34', '劳动合同', '高中', '电子工程', '哈尔滨理工大学', '2018-01-01', '在职', '00000044', '3.5', '2018-04-01', null, '2018-01-01', '2021-07-14', null);
INSERT INTO `employee` VALUES ('45', '姚森5', '男', '1991-02-05', '610122199102058952', '123456', '已婚', '1', '河南', '3', 'yaosen@qq.com', '14785559936', '河南洛阳人民大道58号', '92', '15', '34', '劳动合同', '初中', '室内装修设计', '西北大学', '2017-01-02', '在职', '00000045', '7', '2017-04-02', null, '2017-01-02', '2024-01-17', null);
INSERT INTO `employee` VALUES ('46', '云星5', '女', '1993-01-05', '610122199301054789', '123456', '已婚', '1', '陕西西安', '1', 'yunxing@qq.com', '15644442252', '陕西西安新城区', '92', '16', '34', '劳务合同', '硕士', '通信工程', '西安电子科技学校', '2018-01-01', '在职', '00000046', '5.25', '2018-04-01', null, '2018-01-01', '2023-04-13', null);
INSERT INTO `employee` VALUES ('47', '贾旭明5', '男', '1993-11-11', '610122199311111234', '123456', '已婚', '1', '广东广州', '4', 'jiaxuming@qq.com', '15644441234', '广东省广州市天河区冼村路', '78', '15', '33', '劳务合同', '初中', '通信工程', '西北大学', '2018-01-01', '在职', '00000047', '5.25', '2018-04-01', null, '2018-01-01', '2023-04-13', null);
INSERT INTO `employee` VALUES ('48', '张黎明5', '男', '1991-02-01', '610144199102014569', '123456', '已婚', '1', '广东', '6', 'zhangliming@qq.com', '18979994478', '广东珠海', '91', '15', '33', '劳动合同', '高中', '考古', '清华大学', '2018-01-01', '在职', '00000048', '7', '2018-04-01', null, '2018-01-01', '2025-01-30', null);
INSERT INTO `employee` VALUES ('49', '薛磊5', '男', '1992-07-01', '610144199207017895', '123456', '已婚', '1', '陕西西安', '13', 'xuelei@qq.com', '15648887741', '西安市雁塔区', '92', '14', '34', '劳动合同', '初中', '无', '华胥中学', '2018-01-01', '在职', '00000049', '6', '2018-04-01', null, '2018-01-01', '2024-01-17', null);
INSERT INTO `employee` VALUES ('50', '张洁5', '女', '1990-10-09', '420177199010093652', '123456', '未婚', '1', '海南', '5', 'zhangjie@qq.com', '13695557742', '海口市美兰区', '92', '16', '34', '劳动合同', '高中', '无', '海南侨中', '2018-01-01', '在职', '00000050', '1', '2018-01-31', null, '2018-01-01', '2019-01-01', null);
INSERT INTO `employee` VALUES ('52', '陈静6', '女', '1989-02-01', '421288198902011234', '123456', '已婚', '1', '海南', '1', 'chenjing@qq.com', '18795556693', '海南省海口市美兰区', '82', '12', '30', '劳动合同', '高中', '市场营销', '武汉大学', '2015-06-09', '在职', '00000052', '3', '2015-09-10', null, '2015-06-09', '2018-06-08', null);
INSERT INTO `employee` VALUES ('53', '赵琳浩6', '男', '1993-03-04', '610122199303041456', '123456', '未婚', '1', '陕西', '3', 'zhao@qq.com', '15698887795', '陕西省西安市莲湖区', '91', '12', '33', '劳动合同', '博士', '电子工程', '哈尔滨理工大学', '2018-01-01', '在职', '00000053', '3.5', '2018-04-01', null, '2018-01-01', '2021-07-14', null);
INSERT INTO `employee` VALUES ('54', '鹿存亮6', '男', '1990-01-03', '610122199001031456', '123456', '已婚', '1', '陕西', '3', 'zhao@qq.com', '15612347795', '陕西省西安市莲湖区', '92', '12', '34', '劳动合同', '高中', '电子工程', '哈尔滨理工大学', '2018-01-01', '在职', '00000054', '3.5', '2018-04-01', null, '2018-01-01', '2021-07-14', null);
INSERT INTO `employee` VALUES ('55', '姚森6', '男', '1991-02-05', '610122199102058952', '123456', '已婚', '1', '河南', '3', 'yaosen@qq.com', '14785559936', '河南洛阳人民大道58号', '92', '15', '34', '劳动合同', '初中', '室内装修设计', '西北大学', '2017-01-02', '在职', '00000055', '7', '2017-04-02', null, '2017-01-02', '2024-01-17', null);
INSERT INTO `employee` VALUES ('56', '云星6', '女', '1993-01-05', '610122199301054789', '123456', '已婚', '1', '陕西西安', '1', 'yunxing@qq.com', '15644442252', '陕西西安新城区', '92', '16', '34', '劳务合同', '硕士', '通信工程', '西安电子科技学校', '2018-01-01', '在职', '00000056', '5.25', '2018-04-01', null, '2018-01-01', '2023-04-13', null);
INSERT INTO `employee` VALUES ('1411', '谢工', '女', '1970-01-01', '618177197001011234', '123456', '离异', '1', '江苏', '1', '584991843@qq.com', '18558887788', '北京', '91', '12', '29', '劳动合同', '本科', '计算机软件', '南华大学', '2018-01-01', '在职', '00000038', '5', '2019-01-01', null, '2018-01-01', '2023-01-01', null);
INSERT INTO `employee` VALUES ('1412', '林昭亮', '男', '1990-01-01', '610122199809091234', '123456', '已婚', '1', '广东', '13', '584991843@qq.com', '16767776654', '广东深圳', '91', '15', '33', '劳动合同', '大专', '计算机软件', '广东职业技术学院', '2018-01-01', '在职', '00000039', '5', '2018-04-01', null, '2018-01-01', '2023-01-01', null);
INSERT INTO `employee` VALUES ('1413', '11', '男', '2018-01-01', '610122201801011234', '123456', '已婚', '1', '1', '1', '584991843@qq.com', '111', '1', '89', '9', '29', '劳动合同', '本科', '1', '1', '2018-01-01', '在职', '00000040', '4', '2018-04-01', null, '2018-01-01', '2022-01-26', null);
INSERT INTO `employee` VALUES ('1414', '1', '男', '2018-01-01', '610188199809091234', '123456', '已婚', '1', '1', '1', '584991843@qq.com', '1', '1', '89', '9', '29', '劳动合同', '大专', '1', '1', '2018-01-31', '在职', '00000041', '1', '2018-01-31', null, '2018-01-31', '2019-01-31', null);
INSERT INTO `employee` VALUES ('1415', '1', '男', '2018-01-01', '610122199909090000', '123456', '已婚', '1', '1', '1', '584991843@qq.com', '1', '1', '78', '9', '29', '劳动合同', '大专', '1', '1', '2018-01-31', '在职', '00000042', '1', '2018-01-31', null, '2018-01-31', '2019-01-31', null);
INSERT INTO `employee` VALUES ('1416', '1', '男', '2018-01-01', '610122199909090000', '123456', '已婚', '1', '1', '1', '584991843@qq.com', '1', '1', '81', '9', '29', '劳动合同', '大专', '1', '1', '2018-01-31', '在职', '00000043', '0', '2018-01-31', null, '2018-01-31', '2018-01-31', null);
INSERT INTO `employee` VALUES ('1417', '1', '男', '2018-01-01', '610122199909099999', '123456', '已婚', '1', '1', '1', '584991843@qq.com', '1', '1', '87', '9', '29', '劳动合同', '大专', '1', '1', '2018-01-01', '在职', '00000044', '0', '2018-01-01', null, '2018-01-01', '2018-01-31', null);
INSERT INTO `employee` VALUES ('1418', '1', '男', '2018-01-01', '610122199909099999', '123456', '已婚', '1', '1', '1', '584991843@qq.com', '1', '1', '78', '9', '29', '劳动合同', '大专', '1', '1', '2018-01-01', '在职', '00000045', '0', '2018-01-01', null, '2018-01-01', '2018-01-31', null);
INSERT INTO `employee` VALUES ('1419', '林伯渠', '男', '2018-01-01', '610122199909099999', '123456', '未婚', '1', '1', '1', '584991843@qq.com', '1', '1', '8', '9', '29', '劳动合同', '大专', '1', '1', '2018-01-31', '在职', '00000046', '0', '2018-01-31', null, '2018-01-31', '2018-01-31', null);
INSERT INTO `employee` VALUES ('1420', '1', '男', '2018-01-01', '610122199909091234', '123456', '已婚', '1', '1', '1', '584991843@qq.com', '1', '1', '8', '9', '29', '劳动合同', '大专', '1', '1', '2018-01-31', '在职', '00000047', '0', '2018-01-31', null, '2018-01-31', '2018-01-31', null);
INSERT INTO `employee` VALUES ('1519', 'javaboy', '男', '1989-12-31', '610122199001011256', '123456', '已婚', '1', '陕西', '13', 'laowang@qq.com', '18565558897', '深圳市南山区', '5', '9', '29', '劳务合同', '本科', '信息管理与信息系统', '深圳大学', '2017-12-31', '在职', '00000057', '2', '2018-03-31', null, '2017-12-31', '2019-12-31', null);
INSERT INTO `employee` VALUES ('1520', 'javaboy', '男', '1989-12-31', '610122199001011256', '123456', '已婚', '1', '陕西', '13', 'laowang@qq.com', '18565558897', '深圳市南山区', '93', '9', '29', '劳务合同', '本科', '信息管理与信息系统', '深圳大学', '2019-11-05', '在职', '00000058', '2', '2018-03-31', null, '2017-12-31', '2019-12-31', null);
INSERT INTO `employee` VALUES ('1521', 'javaboy', '男', '1989-12-31', '610122199001011256', '123456', '已婚', '1', '', '13', 'laowang@qq.com', '18565558897', '深圳市南山区', '93', '9', '29', '劳务合同', '本科', '信息管理与信息系统', '深圳大学', '2019-11-05', '在职', '00000059', '2', '2018-03-31', null, '2017-12-31', '2019-12-31', null);
INSERT INTO `employee` VALUES ('1522', 'javaboy', '男', '1989-12-31', '610122199001011256', '123456', '已婚', '1', '陕西', '13', 'laowan@123.com', '18565558897', '深圳市南山区', '5', '9', '29', '劳务合同', '本科', '信息管理与信息系统', '深圳大学', '2017-12-31', '在职', '00000060', '2', '2018-03-31', null, '2017-12-31', '2019-12-31', null);
INSERT INTO `employee` VALUES ('1523', 'javaboy', '男', '1989-12-31', '610122199001011256', '123456', '已婚', '1', '陕西', '13', 'laowan@123.com', '18565558897', '深圳市南山区', '5', '9', '29', '劳务合同', '本科', '信息管理与信息系统', '深圳大学', '2017-12-31', '在职', '00000060', '2', '2018-03-31', null, '2017-12-31', '2019-12-31', null);
INSERT INTO `employee` VALUES ('1526', 'javaboy', '男', '1989-12-31', '610122199001011256', '123456', '已婚', '1', '陕西', '13', 'laowang@qq.com', '18565558897', '深圳市南山区', '91', '9', '29', '劳务合同', '本科', '信息管理与信息系统', '深圳大学', '2017-12-31', '在职', '00000061', '2', '2018-03-31', null, '2017-12-31', '2019-12-31', null);
INSERT INTO `employee` VALUES ('1527', 'javaboy', '男', '1989-12-31', '610122199001011256', '123456', '已婚', '1', '陕西', '13', 'laowang@qq.com', '18565558897', '深圳市南山区', '91', '9', '29', '劳务合同', '本科', '信息管理与信息系统', '深圳大学', '2017-12-31', '在职', '00000062', '6.17', '2018-03-31', null, '2017-12-31', '2024-02-29', null);
INSERT INTO `employee` VALUES ('1528', 'javaboy666', '男', '2019-11-10', '610122199911111111', '123456', '已婚', '1', '广东', '13', '123@qq.com', '12345678901', '广东深圳', '78', '9', '29', '劳动合同', '本科', '信管', '深圳大学', '2019-11-10', '在职', '00000063', '3.25', '2020-02-10', null, '2019-11-10', '2023-02-22', null);
INSERT INTO `employee` VALUES ('1529', 'javaboy666', '男', '2019-11-10', '610122199911111111', '123456', '已婚', '1', '广东', '13', '123@qq.com', '12345678901', '广东深圳', '78', '9', '29', '劳动合同', '本科', '信管', '深圳大学', '2019-11-10', '在职', '00000063', '3.25', '2020-02-10', null, '2019-11-10', '2023-02-22', null);
INSERT INTO `employee` VALUES ('1530', '江南一点雨', '男', '1990-01-01', '610122199001011256', '123456', '已婚', '1', '陕西', '13', 'laowang@qq.com', '18565558897', '深圳市南山区', '5', '9', '29', '劳务合同', '本科', '信息管理与信息系统', '深圳大学', '2018-01-01', '在职', '00000001', '2', '2018-04-01', null, '2018-01-01', '2020-01-01', null);
INSERT INTO `employee` VALUES ('1532', '赵琳浩', '男', '1993-03-04', '610122199303041456', '123456', '未婚', '1', '陕西', '3', 'zhao@qq.com', '15698887795', '陕西省西安市莲湖区', '91', '12', '33', '劳动合同', '博士', '电子工程', '哈尔滨理工大学', '2018-01-01', '在职', '00000003', '3.5', '2018-04-01', null, '2018-01-01', '2021-07-14', null);
INSERT INTO `employee` VALUES ('1533', '鹿存亮', '男', '1990-01-03', '610122199001031456', '123456', '已婚', '1', '陕西', '3', 'zhao@qq.com', '15612347795', '陕西省西安市莲湖区', '92', '12', '34', '劳动合同', '高中', '电子工程', '哈尔滨理工大学', '2018-01-01', '在职', '00000004', '3.5', '2018-04-01', null, '2018-01-01', '2021-07-14', null);
INSERT INTO `employee` VALUES ('1534', '姚森', '男', '1991-02-05', '610122199102058952', '123456', '已婚', '1', '河南', '3', 'yaosen@qq.com', '14785559936', '河南洛阳人民大道58号', '92', '15', '34', '劳动合同', '硕士', '室内装修设计', '西北大学', '2017-01-02', '在职', '00000005', '7', '2017-04-02', null, '2017-01-02', '2024-01-17', null);
INSERT INTO `employee` VALUES ('1535', '云星', '女', '1993-01-05', '610122199301054789', '123456', '已婚', '1', '陕西西安', '1', 'yunxing@qq.com', '15644442252', '陕西西安新城区', '92', '16', '34', '劳务合同', '硕士', '通信工程', '西安电子科技学校', '2018-01-01', '在职', '00000006', '5.25', '2018-04-01', null, '2018-01-01', '2023-04-13', null);
INSERT INTO `employee` VALUES ('1536', '贾旭明', '男', '1993-11-11', '610122199311111234', '123456', '已婚', '1', '广东广州', '4', 'jiaxuming@qq.com', '15644441234', '广东省广州市天河区冼村路', '78', '15', '33', '劳务合同', '初中', '通信工程', '西北大学', '2018-01-01', '在职', '00000007', '5.25', '2018-04-01', null, '2018-01-01', '2023-04-13', null);
INSERT INTO `employee` VALUES ('1537', '张黎明', '男', '1991-02-01', '610144199102014569', '123456', '已婚', '1', '广东', '6', 'zhangliming@qq.com', '18979994478', '广东珠海', '91', '15', '33', '劳动合同', '高中', '考古', '清华大学', '2018-01-01', '在职', '00000008', '7', '2018-04-01', null, '2018-01-01', '2025-01-30', null);
INSERT INTO `employee` VALUES ('1538', '薛磊', '男', '1992-07-01', '610144199207017895', '123456', '已婚', '1', '陕西西安', '13', 'xuelei@qq.com', '15648887741', '西安市雁塔区', '92', '14', '34', '劳动合同', '初中', '无', '华胥中学', '2018-01-01', '在职', '00000009', '6', '2018-04-01', null, '2018-01-01', '2024-01-17', null);
INSERT INTO `employee` VALUES ('1539', '张洁', '女', '1990-10-09', '420177199010093652', '123456', '未婚', '1', '海南', '5', 'zhangjie@qq.com', '13695557742', '海口市美兰区', '92', '16', '34', '劳动合同', '高中', '无', '海南侨中', '2018-01-01', '在职', '00000010', '1', '2018-01-31', null, '2018-01-01', '2019-01-01', null);
INSERT INTO `employee` VALUES ('1540', '江南一点雨2', '男', '1990-01-01', '610122199001011256', '123456', '已婚', '1', '陕西', '13', 'laowang@qq.com', '18565558897', '深圳市南山区', '91', '9', '29', '劳动合同', '本科', '信息管理与信息系统', '深圳大学', '2018-01-01', '在职', '00000011', '1', '2018-04-01', null, '2018-01-01', '2019-01-01', null);
INSERT INTO `employee` VALUES ('1541', '陈静2', '女', '1989-02-01', '421288198902011234', '123456', '已婚', '1', '海南', '1', 'chenjing@qq.com', '18795556693', '海南省海口市美兰区', '82', '12', '30', '劳动合同', '高中', '市场营销', '武汉大学', '2015-06-09', '在职', '00000012', '3', '2015-09-10', null, '2015-06-09', '2018-06-08', null);
INSERT INTO `employee` VALUES ('1542', '赵琳浩2', '男', '1993-03-04', '610122199303041456', '123456', '未婚', '1', '陕西', '3', 'zhao@qq.com', '15698887795', '陕西省西安市莲湖区', '91', '12', '33', '劳动合同', '博士', '电子工程', '哈尔滨理工大学', '2018-01-01', '在职', '00000013', '3.5', '2018-04-01', null, '2018-01-01', '2021-07-14', null);
INSERT INTO `employee` VALUES ('1543', '鹿存亮2', '男', '1990-01-03', '610122199001031456', '123456', '已婚', '1', '陕西', '3', 'zhao@qq.com', '15612347795', '陕西省西安市莲湖区', '92', '12', '34', '劳动合同', '高中', '电子工程', '哈尔滨理工大学', '2018-01-01', '在职', '00000014', '3.5', '2018-04-01', null, '2018-01-01', '2021-07-14', null);
INSERT INTO `employee` VALUES ('1544', '姚森2', '男', '1991-02-05', '610122199102058952', '123456', '已婚', '1', '河南', '3', 'yaosen@qq.com', '14785559936', '河南洛阳人民大道58号', '92', '15', '34', '劳动合同', '初中', '室内装修设计', '西北大学', '2017-01-02', '在职', '00000015', '7', '2017-04-02', null, '2017-01-02', '2024-01-17', null);
INSERT INTO `employee` VALUES ('1545', '云星2', '女', '1993-01-05', '610122199301054789', '123456', '已婚', '1', '陕西西安', '1', 'yunxing@qq.com', '15644442252', '陕西西安新城区', '92', '16', '34', '劳务合同', '硕士', '通信工程', '西安电子科技学校', '2018-01-01', '在职', '00000016', '5.25', '2018-04-01', null, '2018-01-01', '2023-04-13', null);
INSERT INTO `employee` VALUES ('1546', '贾旭明2', '男', '1993-11-11', '610122199311111234', '123456', '已婚', '1', '广东广州', '4', 'jiaxuming@qq.com', '15644441234', '广东省广州市天河区冼村路', '78', '15', '33', '劳务合同', '初中', '通信工程', '西北大学', '2018-01-01', '在职', '00000017', '5.25', '2018-04-01', null, '2018-01-01', '2023-04-13', null);
INSERT INTO `employee` VALUES ('1547', '王一亭', '男', '1991-02-01', '610144199102014569', '123456', '已婚', '1', '广东', '6', 'zhangliming@qq.com', '18979994478', '广东珠海', '91', '15', '33', '劳动合同', '高中', '考古', '清华大学', '2018-01-01', '在职', '00000018', '7', '2018-04-01', null, '2018-01-01', '2025-01-30', null);
INSERT INTO `employee` VALUES ('1548', '薛磊2', '男', '1992-07-01', '610144199207017895', '123456', '已婚', '1', '陕西西安', '13', 'xuelei@qq.com', '15648887741', '西安市雁塔区', '92', '14', '34', '劳动合同', '初中', '无', '华胥中学', '2018-01-01', '在职', '00000019', '1', '2018-04-01', null, '2018-01-01', '2019-01-01', null);
INSERT INTO `employee` VALUES ('1549', '张洁2', '女', '1990-10-09', '420177199010093652', '123456', '未婚', '1', '海南', '5', 'zhangjie@qq.com', '13695557742', '海口市美兰区', '92', '16', '34', '劳动合同', '高中', '无', '海南侨中', '2018-01-01', '在职', '00000020', '1', '2018-01-31', null, '2018-01-01', '2019-01-01', null);
INSERT INTO `employee` VALUES ('1550', '江南一点雨3', '男', '1990-01-01', '610122199001011256', '123456', '已婚', '1', '陕西', '13', 'laowang@qq.com', '18565558897', '深圳市南山区', '8', '9', '29', '劳动合同', '本科', '信息管理与信息系统', '深圳大学', '2018-01-01', '在职', '00000021', '1', '2018-04-01', null, '2018-01-01', '2019-01-01', null);
INSERT INTO `employee` VALUES ('1551', '陈静3', '女', '1989-02-01', '421288198902011234', '123456', '已婚', '1', '海南', '1', 'chenjing@qq.com', '18795556693', '海南省海口市美兰区', '82', '12', '30', '劳动合同', '高中', '市场营销', '武汉大学', '2015-06-09', '在职', '00000022', '3', '2015-09-10', null, '2015-06-09', '2018-06-08', null);
INSERT INTO `employee` VALUES ('1552', '鹿存亮3', '男', '1990-01-03', '610122199001031456', '123456', '已婚', '1', '陕西', '3', 'zhao@qq.com', '15612347795', '陕西省西安市莲湖区', '92', '12', '34', '劳动合同', '高中', '电子工程', '哈尔滨理工大学', '2018-01-01', '在职', '00000024', '3.5', '2018-04-01', null, '2018-01-01', '2021-07-14', null);
INSERT INTO `employee` VALUES ('1553', '姚森3', '男', '1991-02-05', '610122199102058952', '123456', '已婚', '1', '河南', '3', 'yaosen@qq.com', '14785559936', '河南洛阳人民大道58号', '92', '15', '34', '劳动合同', '初中', '室内装修设计', '西北大学', '2017-01-02', '在职', '00000025', '7', '2017-04-02', null, '2017-01-02', '2024-01-17', null);
INSERT INTO `employee` VALUES ('1554', '云星3', '女', '1993-01-05', '610122199301054789', '123456', '已婚', '1', '陕西西安', '1', 'yunxing@qq.com', '15644442252', '陕西西安新城区', '92', '16', '34', '劳务合同', '硕士', '通信工程', '西安电子科技学校', '2018-01-01', '在职', '00000026', '5.25', '2018-04-01', null, '2018-01-01', '2023-04-13', null);
INSERT INTO `employee` VALUES ('1555', '贾旭明3', '男', '1993-11-11', '610122199311111234', '123456', '已婚', '1', '广东广州', '4', 'jiaxuming@qq.com', '15644441234', '广东省广州市天河区冼村路', '78', '15', '33', '劳务合同', '初中', '通信工程', '西北大学', '2018-01-01', '在职', '00000027', '5.25', '2018-04-01', null, '2018-01-01', '2023-04-13', null);
INSERT INTO `employee` VALUES ('1556', '张黎明3', '男', '1991-02-01', '610144199102014569', '123456', '已婚', '1', '广东', '6', 'zhangliming@qq.com', '18979994478', '广东珠海', '91', '15', '33', '劳动合同', '高中', '考古', '清华大学', '2018-01-01', '在职', '00000028', '7', '2018-04-01', null, '2018-01-01', '2025-01-30', null);
INSERT INTO `employee` VALUES ('1557', '薛磊3', '男', '1992-07-01', '610144199207017895', '123456', '已婚', '1', '陕西西安', '13', 'xuelei@qq.com', '15648887741', '西安市雁塔区', '92', '14', '34', '劳动合同', '初中', '无', '华胥中学', '2018-01-01', '在职', '00000029', '6', '2018-04-01', null, '2018-01-01', '2024-01-17', null);
INSERT INTO `employee` VALUES ('1558', '江南一点雨4', '男', '1990-01-01', '610122199001011256', '123456', '已婚', '1', '陕西', '13', 'laowang@qq.com', '18565558897', '深圳市南山区', '8', '9', '29', '劳动合同', '本科', '信息管理与信息系统', '深圳大学', '2018-01-01', '在职', '00000031', '1', '2018-04-01', null, '2018-01-01', '2019-01-01', null);
INSERT INTO `employee` VALUES ('1559', '陈静4', '女', '1989-02-01', '421288198902011234', '123456', '已婚', '1', '海南', '1', 'chenjing@qq.com', '18795556693', '海南省海口市美兰区', '82', '12', '30', '劳动合同', '高中', '市场营销', '武汉大学', '2015-06-09', '在职', '00000032', '3', '2015-09-10', null, '2015-06-09', '2018-06-08', null);
INSERT INTO `employee` VALUES ('1560', '赵琳浩4', '男', '1993-03-04', '610122199303041456', '123456', '未婚', '1', '陕西', '3', 'zhao@qq.com', '15698887795', '陕西省西安市莲湖区', '91', '12', '33', '劳动合同', '博士', '电子工程', '哈尔滨理工大学', '2018-01-01', '在职', '00000033', '3.5', '2018-04-01', null, '2018-01-01', '2021-07-14', null);
INSERT INTO `employee` VALUES ('1561', '鹿存亮4', '男', '1990-01-03', '610122199001031456', '123456', '已婚', '1', '陕西', '3', 'zhao@qq.com', '15612347795', '陕西省西安市莲湖区', '92', '12', '34', '劳动合同', '高中', '电子工程', '哈尔滨理工大学', '2018-01-01', '在职', '00000034', '3.5', '2018-04-01', null, '2018-01-01', '2021-07-14', null);
INSERT INTO `employee` VALUES ('1562', '姚森4', '男', '1991-02-05', '610122199102058952', '123456', '已婚', '1', '河南', '3', 'yaosen@qq.com', '14785559936', '河南洛阳人民大道58号', '92', '15', '34', '劳动合同', '初中', '室内装修设计', '西北大学', '2017-01-02', '在职', '00000035', '7', '2017-04-02', null, '2017-01-02', '2024-01-17', null);
INSERT INTO `employee` VALUES ('1563', '云星4', '女', '1993-01-05', '610122199301054789', '123456', '已婚', '1', '陕西西安', '1', 'yunxing@qq.com', '15644442252', '陕西西安新城区', '92', '16', '34', '劳务合同', '硕士', '通信工程', '西安电子科技学校', '2018-01-01', '在职', '00000036', '5.25', '2018-04-01', null, '2018-01-01', '2023-04-13', null);
INSERT INTO `employee` VALUES ('1564', '贾旭明4', '男', '1993-11-11', '610122199311111234', '123456', '已婚', '1', '广东广州', '4', 'jiaxuming@qq.com', '15644441234', '广东省广州市天河区冼村路', '78', '15', '33', '劳务合同', '初中', '通信工程', '西北大学', '2018-01-01', '在职', '00000037', '5.25', '2018-04-01', null, '2018-01-01', '2023-04-13', null);
INSERT INTO `employee` VALUES ('1565', '张黎明2', '男', '1991-02-01', '610144199102014569', '123456', '已婚', '1', '广东', '6', 'zhangliming@qq.com', '18979994478', '广东珠海', '91', '15', '33', '劳动合同', '高中', '考古', '清华大学', '2018-01-01', '在职', '00000038', '7', '2018-04-01', null, '2018-01-01', '2025-01-30', null);
INSERT INTO `employee` VALUES ('1566', '薛磊4', '男', '1992-07-01', '610144199207017895', '123456', '已婚', '1', '陕西西安', '13', 'xuelei@qq.com', '15648887741', '西安市雁塔区', '92', '14', '34', '劳动合同', '初中', '无', '华胥中学', '2018-01-01', '在职', '00000039', '6', '2018-04-01', null, '2018-01-01', '2024-01-17', null);
INSERT INTO `employee` VALUES ('1567', '张洁4', '女', '1990-10-09', '420177199010093652', '123456', '未婚', '1', '海南', '5', 'zhangjie@qq.com', '13695557742', '海口市美兰区', '92', '16', '34', '劳动合同', '高中', '无', '海南侨中', '2018-01-01', '在职', '00000040', '1', '2018-01-31', null, '2018-01-01', '2019-01-01', null);
INSERT INTO `employee` VALUES ('1568', '江南一点雨5', '男', '1990-01-01', '610122199001011256', '123456', '已婚', '1', '陕西', '13', 'laowang@qq.com', '18565558897', '深圳市南山区', '8', '9', '29', '劳动合同', '本科', '信息管理与信息系统', '深圳大学', '2018-01-01', '在职', '00000041', '1', '2018-04-01', null, '2018-01-01', '2019-01-01', null);
INSERT INTO `employee` VALUES ('1569', '陈静5', '女', '1989-02-01', '421288198902011234', '123456', '已婚', '1', '海南', '1', 'chenjing@qq.com', '18795556693', '海南省海口市美兰区', '82', '12', '30', '劳动合同', '高中', '市场营销', '武汉大学', '2015-06-09', '在职', '00000042', '3', '2015-09-10', null, '2015-06-09', '2018-06-08', null);
INSERT INTO `employee` VALUES ('1570', '赵琳浩5', '男', '1993-03-04', '610122199303041456', '123456', '未婚', '1', '陕西', '3', 'zhao@qq.com', '15698887795', '陕西省西安市莲湖区', '91', '12', '33', '劳动合同', '博士', '电子工程', '哈尔滨理工大学', '2018-01-01', '在职', '00000043', '3.5', '2018-04-01', null, '2018-01-01', '2021-07-14', null);
INSERT INTO `employee` VALUES ('1571', '鹿存亮5', '男', '1990-01-03', '610122199001031456', '123456', '已婚', '1', '陕西', '3', 'zhao@qq.com', '15612347795', '陕西省西安市莲湖区', '92', '12', '34', '劳动合同', '高中', '电子工程', '哈尔滨理工大学', '2018-01-01', '在职', '00000044', '3.5', '2018-04-01', null, '2018-01-01', '2021-07-14', null);
INSERT INTO `employee` VALUES ('1572', '姚森5', '男', '1991-02-05', '610122199102058952', '123456', '已婚', '1', '河南', '3', 'yaosen@qq.com', '14785559936', '河南洛阳人民大道58号', '92', '15', '34', '劳动合同', '初中', '室内装修设计', '西北大学', '2017-01-02', '在职', '00000045', '7', '2017-04-02', null, '2017-01-02', '2024-01-17', null);
INSERT INTO `employee` VALUES ('1573', '云星5', '女', '1993-01-05', '610122199301054789', '123456', '已婚', '1', '陕西西安', '1', 'yunxing@qq.com', '15644442252', '陕西西安新城区', '92', '16', '34', '劳务合同', '硕士', '通信工程', '西安电子科技学校', '2018-01-01', '在职', '00000046', '5.25', '2018-04-01', null, '2018-01-01', '2023-04-13', null);
INSERT INTO `employee` VALUES ('1574', '贾旭明5', '男', '1993-11-11', '610122199311111234', '123456', '已婚', '1', '广东广州', '4', 'jiaxuming@qq.com', '15644441234', '广东省广州市天河区冼村路', '78', '15', '33', '劳务合同', '初中', '通信工程', '西北大学', '2018-01-01', '在职', '00000047', '5.25', '2018-04-01', null, '2018-01-01', '2023-04-13', null);
INSERT INTO `employee` VALUES ('1575', '张黎明5', '男', '1991-02-01', '610144199102014569', '123456', '已婚', '1', '广东', '6', 'zhangliming@qq.com', '18979994478', '广东珠海', '91', '15', '33', '劳动合同', '高中', '考古', '清华大学', '2018-01-01', '在职', '00000048', '7', '2018-04-01', null, '2018-01-01', '2025-01-30', null);
INSERT INTO `employee` VALUES ('1576', '薛磊5', '男', '1992-07-01', '610144199207017895', '123456', '已婚', '1', '陕西西安', '13', 'xuelei@qq.com', '15648887741', '西安市雁塔区', '92', '14', '34', '劳动合同', '初中', '无', '华胥中学', '2018-01-01', '在职', '00000049', '6', '2018-04-01', null, '2018-01-01', '2024-01-17', null);
INSERT INTO `employee` VALUES ('1577', '张洁5', '女', '1990-10-09', '420177199010093652', '123456', '未婚', '1', '海南', '5', 'zhangjie@qq.com', '13695557742', '海口市美兰区', '92', '16', '34', '劳动合同', '高中', '无', '海南侨中', '2018-01-01', '在职', '00000050', '1', '2018-01-31', null, '2018-01-01', '2019-01-01', null);
INSERT INTO `employee` VALUES ('1578', '江南一点雨6', '男', '1990-01-01', '610122199001011256', '123456', '已婚', '1', '陕西', '13', 'laowang@qq.com', '18565558897', '深圳市南山区', '8', '9', '29', '劳动合同', '本科', '信息管理与信息系统', '深圳大学', '2018-01-01', '在职', '00000051', '1', '2018-04-01', null, '2018-01-01', '2019-01-01', null);
INSERT INTO `employee` VALUES ('1579', '陈静6', '女', '1989-02-01', '421288198902011234', '123456', '已婚', '1', '海南', '1', 'chenjing@qq.com', '18795556693', '海南省海口市美兰区', '82', '12', '30', '劳动合同', '高中', '市场营销', '武汉大学', '2015-06-09', '在职', '00000052', '3', '2015-09-10', null, '2015-06-09', '2018-06-08', null);
INSERT INTO `employee` VALUES ('1580', '赵琳浩6', '男', '1993-03-04', '610122199303041456', '123456', '未婚', '1', '陕西', '3', 'zhao@qq.com', '15698887795', '陕西省西安市莲湖区', '91', '12', '33', '劳动合同', '博士', '电子工程', '哈尔滨理工大学', '2018-01-01', '在职', '00000053', '3.5', '2018-04-01', null, '2018-01-01', '2021-07-14', null);
INSERT INTO `employee` VALUES ('1581', '鹿存亮6', '男', '1990-01-03', '610122199001031456', '123456', '已婚', '1', '陕西', '3', 'zhao@qq.com', '15612347795', '陕西省西安市莲湖区', '92', '12', '34', '劳动合同', '高中', '电子工程', '哈尔滨理工大学', '2018-01-01', '在职', '00000054', '3.5', '2018-04-01', null, '2018-01-01', '2021-07-14', null);
INSERT INTO `employee` VALUES ('1582', '姚森6', '男', '1991-02-05', '610122199102058952', '123456', '已婚', '1', '河南', '3', 'yaosen@qq.com', '14785559936', '河南洛阳人民大道58号', '92', '15', '34', '劳动合同', '初中', '室内装修设计', '西北大学', '2017-01-02', '在职', '00000055', '7', '2017-04-02', null, '2017-01-02', '2024-01-17', null);
INSERT INTO `employee` VALUES ('1583', '云星6', '女', '1993-01-05', '610122199301054789', '123456', '已婚', '1', '陕西西安', '1', 'yunxing@qq.com', '15644442252', '陕西西安新城区', '92', '16', '34', '劳务合同', '硕士', '通信工程', '西安电子科技学校', '2018-01-01', '在职', '00000056', '5.25', '2018-04-01', null, '2018-01-01', '2023-04-13', null);
INSERT INTO `employee` VALUES ('1618', '谢工', '女', '1970-01-01', '618177197001011234', '123456', '离异', '1', '江苏', '1', '584991843@qq.com', '18558887788', '北京', '91', '12', '29', '劳动合同', '本科', '计算机软件', '南华大学', '2018-01-01', '在职', '00000038', '5', '2019-01-01', null, '2018-01-01', '2023-01-01', null);
INSERT INTO `employee` VALUES ('1619', '林昭亮', '男', '1990-01-01', '610122199809091234', '123456', '已婚', '1', '广东', '13', '584991843@qq.com', '16767776654', '广东深圳', '91', '15', '33', '劳动合同', '大专', '计算机软件', '广东职业技术学院', '2018-01-01', '在职', '00000039', '5', '2018-04-01', null, '2018-01-01', '2023-01-01', null);
INSERT INTO `employee` VALUES ('1620', '11', '男', '2018-01-01', '610122201801011234', '123456', '已婚', '1', '1', '1', '584991843@qq.com', '111', '1', '89', '9', '29', '劳动合同', '本科', '1', '1', '2018-01-01', '在职', '00000040', '4', '2018-04-01', null, '2018-01-01', '2022-01-26', null);
INSERT INTO `employee` VALUES ('1621', '1', '男', '2018-01-01', '610188199809091234', '123456', '已婚', '1', '1', '1', '584991843@qq.com', '1', '1', '89', '9', '29', '劳动合同', '大专', '1', '1', '2018-01-31', '在职', '00000041', '1', '2018-01-31', null, '2018-01-31', '2019-01-31', null);
INSERT INTO `employee` VALUES ('1622', '1', '男', '2018-01-01', '610122199909090000', '123456', '已婚', '1', '1', '1', '584991843@qq.com', '1', '1', '78', '9', '29', '劳动合同', '大专', '1', '1', '2018-01-31', '在职', '00000042', '1', '2018-01-31', null, '2018-01-31', '2019-01-31', null);
INSERT INTO `employee` VALUES ('1623', '1', '男', '2018-01-01', '610122199909090000', '123456', '已婚', '1', '1', '1', '584991843@qq.com', '1', '1', '81', '9', '29', '劳动合同', '大专', '1', '1', '2018-01-31', '在职', '00000043', '0', '2018-01-31', null, '2018-01-31', '2018-01-31', null);
INSERT INTO `employee` VALUES ('1624', '1', '男', '2018-01-01', '610122199909099999', '123456', '已婚', '1', '1', '1', '584991843@qq.com', '1', '1', '87', '9', '29', '劳动合同', '大专', '1', '1', '2018-01-01', '在职', '00000044', '0', '2018-01-01', null, '2018-01-01', '2018-01-31', null);
INSERT INTO `employee` VALUES ('1625', '1', '男', '2018-01-01', '610122199909099999', '123456', '已婚', '1', '1', '1', '584991843@qq.com', '1', '1', '78', '9', '29', '劳动合同', '大专', '1', '1', '2018-01-01', '在职', '00000045', '0', '2018-01-01', null, '2018-01-01', '2018-01-31', null);
INSERT INTO `employee` VALUES ('1626', '林伯渠', '男', '2018-01-01', '610122199909099999', '123456', '未婚', '1', '1', '1', '584991843@qq.com', '1', '1', '8', '9', '29', '劳动合同', '大专', '1', '1', '2018-01-31', '在职', '00000046', '0', '2018-01-31', null, '2018-01-31', '2018-01-31', null);
INSERT INTO `employee` VALUES ('1627', '1', '男', '2018-01-01', '610122199909091234', '123456', '已婚', '1', '1', '1', '584991843@qq.com', '1', '1', '8', '9', '29', '劳动合同', '大专', '1', '1', '2018-01-31', '在职', '00000047', '0', '2018-01-31', null, '2018-01-31', '2018-01-31', null);
INSERT INTO `employee` VALUES ('1726', 'javaboy', '男', '1989-12-31', '610122199001011256', '123456', '已婚', '1', '陕西', '13', 'laowang@qq.com', '18565558897', '深圳市南山区', '5', '9', '29', '劳务合同', '本科', '信息管理与信息系统', '深圳大学', '2017-12-31', '在职', '00000057', '2', '2018-03-31', null, '2017-12-31', '2019-12-31', null);
INSERT INTO `employee` VALUES ('1727', 'javaboy', '男', '1989-12-31', '610122199001011256', '123456', '已婚', '1', '陕西', '13', 'laowang@qq.com', '18565558897', '深圳市南山区', '93', '9', '29', '劳务合同', '本科', '信息管理与信息系统', '深圳大学', '2019-11-05', '在职', '00000058', '2', '2018-03-31', null, '2017-12-31', '2019-12-31', null);
INSERT INTO `employee` VALUES ('1728', 'javaboy', '男', '1989-12-31', '610122199001011256', '123456', '已婚', '1', '', '13', 'laowang@qq.com', '18565558897', '深圳市南山区', '93', '9', '29', '劳务合同', '本科', '信息管理与信息系统', '深圳大学', '2019-11-05', '在职', '00000059', '2', '2018-03-31', null, '2017-12-31', '2019-12-31', null);
INSERT INTO `employee` VALUES ('1729', 'javaboy', '男', '1989-12-31', '610122199001011256', '123456', '已婚', '1', '陕西', '13', 'laowan@123.com', '18565558897', '深圳市南山区', '5', '9', '29', '劳务合同', '本科', '信息管理与信息系统', '深圳大学', '2017-12-31', '在职', '00000060', '2', '2018-03-31', null, '2017-12-31', '2019-12-31', null);
INSERT INTO `employee` VALUES ('1730', 'javaboy', '男', '1989-12-31', '610122199001011256', '123456', '已婚', '1', '陕西', '13', 'laowan@123.com', '18565558897', '深圳市南山区', '5', '9', '29', '劳务合同', '本科', '信息管理与信息系统', '深圳大学', '2017-12-31', '在职', '00000060', '2', '2018-03-31', null, '2017-12-31', '2019-12-31', null);
INSERT INTO `employee` VALUES ('1731', 'javaboy', '男', '1989-12-31', '610122199001011256', '123456', '已婚', '1', '陕西', '13', 'laowang@qq.com', '18565558897', '深圳市南山区', '91', '9', '29', '劳务合同', '本科', '信息管理与信息系统', '深圳大学', '2017-12-31', '在职', '00000061', '2', '2018-03-31', null, '2017-12-31', '2019-12-31', null);
INSERT INTO `employee` VALUES ('1732', 'javaboy', '男', '1989-12-31', '610122199001011256', '123456', '已婚', '1', '陕西', '13', 'laowang@qq.com', '18565558897', '深圳市南山区', '91', '9', '29', '劳务合同', '本科', '信息管理与信息系统', '深圳大学', '2017-12-31', '在职', '00000062', '6.17', '2018-03-31', null, '2017-12-31', '2024-02-29', null);
INSERT INTO `employee` VALUES ('1733', 'javaboy666', '男', '2019-11-10', '610122199911111111', '123456', '已婚', '1', '广东', '13', '123@qq.com', '12345678901', '广东深圳', '78', '9', '29', '劳动合同', '本科', '信管', '深圳大学', '2019-11-10', '在职', '00000063', '3.25', '2020-02-10', null, '2019-11-10', '2023-02-22', null);
INSERT INTO `employee` VALUES ('1734', 'javaboy666', '男', '2019-11-10', '610122199911111111', '123456', '已婚', '1', '广东', '13', '123@qq.com', '12345678901', '广东深圳', '78', '9', '29', '劳动合同', '本科', '信管', '深圳大学', '2019-11-10', '在职', '00000063', '3.25', '2020-02-10', null, '2019-11-10', '2023-02-22', null);
INSERT INTO `employee` VALUES ('1735', '江南一点雨', '男', '1990-01-01', '610122199001011256', '123456', '已婚', '1', '陕西', '13', 'laowang@qq.com', '18565558897', '深圳市南山区', '5', '9', '29', '劳务合同', '本科', '信息管理与信息系统', '深圳大学', '2018-01-01', '在职', '00000001', '2', '2018-04-01', null, '2018-01-01', '2020-01-01', null);
INSERT INTO `employee` VALUES ('1737', '赵琳浩', '男', '1993-03-04', '610122199303041456', '123456', '未婚', '1', '陕西', '3', 'zhao@qq.com', '15698887795', '陕西省西安市莲湖区', '91', '12', '33', '劳动合同', '博士', '电子工程', '哈尔滨理工大学', '2018-01-01', '在职', '00000003', '3.5', '2018-04-01', null, '2018-01-01', '2021-07-14', null);
INSERT INTO `employee` VALUES ('1738', '鹿存亮', '男', '1990-01-03', '610122199001031456', '123456', '已婚', '1', '陕西', '3', 'zhao@qq.com', '15612347795', '陕西省西安市莲湖区', '92', '12', '34', '劳动合同', '高中', '电子工程', '哈尔滨理工大学', '2018-01-01', '在职', '00000004', '3.5', '2018-04-01', null, '2018-01-01', '2021-07-14', null);
INSERT INTO `employee` VALUES ('1739', '姚森', '男', '1991-02-05', '610122199102058952', '123456', '已婚', '1', '河南', '3', 'yaosen@qq.com', '14785559936', '河南洛阳人民大道58号', '92', '15', '34', '劳动合同', '硕士', '室内装修设计', '西北大学', '2017-01-02', '在职', '00000005', '7', '2017-04-02', null, '2017-01-02', '2024-01-17', null);
INSERT INTO `employee` VALUES ('1740', '云星', '女', '1993-01-05', '610122199301054789', '123456', '已婚', '1', '陕西西安', '1', 'yunxing@qq.com', '15644442252', '陕西西安新城区', '92', '16', '34', '劳务合同', '硕士', '通信工程', '西安电子科技学校', '2018-01-01', '在职', '00000006', '5.25', '2018-04-01', null, '2018-01-01', '2023-04-13', null);
INSERT INTO `employee` VALUES ('1741', '贾旭明', '男', '1993-11-11', '610122199311111234', '123456', '已婚', '1', '广东广州', '4', 'jiaxuming@qq.com', '15644441234', '广东省广州市天河区冼村路', '78', '15', '33', '劳务合同', '初中', '通信工程', '西北大学', '2018-01-01', '在职', '00000007', '5.25', '2018-04-01', null, '2018-01-01', '2023-04-13', null);
INSERT INTO `employee` VALUES ('1742', '张黎明', '男', '1991-02-01', '610144199102014569', '123456', '已婚', '1', '广东', '6', 'zhangliming@qq.com', '18979994478', '广东珠海', '91', '15', '33', '劳动合同', '高中', '考古', '清华大学', '2018-01-01', '在职', '00000008', '7', '2018-04-01', null, '2018-01-01', '2025-01-30', null);
INSERT INTO `employee` VALUES ('1743', '薛磊', '男', '1992-07-01', '610144199207017895', '123456', '已婚', '1', '陕西西安', '13', 'xuelei@qq.com', '15648887741', '西安市雁塔区', '92', '14', '34', '劳动合同', '初中', '无', '华胥中学', '2018-01-01', '在职', '00000009', '6', '2018-04-01', null, '2018-01-01', '2024-01-17', null);
INSERT INTO `employee` VALUES ('1744', '张洁', '女', '1990-10-09', '420177199010093652', '123456', '未婚', '1', '海南', '5', 'zhangjie@qq.com', '13695557742', '海口市美兰区', '92', '16', '34', '劳动合同', '高中', '无', '海南侨中', '2018-01-01', '在职', '00000010', '1', '2018-01-31', null, '2018-01-01', '2019-01-01', null);
INSERT INTO `employee` VALUES ('1745', '江南一点雨2', '男', '1990-01-01', '610122199001011256', '123456', '已婚', '1', '陕西', '13', 'laowang@qq.com', '18565558897', '深圳市南山区', '91', '9', '29', '劳动合同', '本科', '信息管理与信息系统', '深圳大学', '2018-01-01', '在职', '00000011', '1', '2018-04-01', null, '2018-01-01', '2019-01-01', null);
INSERT INTO `employee` VALUES ('1746', '陈静2', '女', '1989-02-01', '421288198902011234', '123456', '已婚', '1', '海南', '1', 'chenjing@qq.com', '18795556693', '海南省海口市美兰区', '82', '12', '30', '劳动合同', '高中', '市场营销', '武汉大学', '2015-06-09', '在职', '00000012', '3', '2015-09-10', null, '2015-06-09', '2018-06-08', null);
INSERT INTO `employee` VALUES ('1747', '赵琳浩2', '男', '1993-03-04', '610122199303041456', '123456', '未婚', '1', '陕西', '3', 'zhao@qq.com', '15698887795', '陕西省西安市莲湖区', '91', '12', '33', '劳动合同', '博士', '电子工程', '哈尔滨理工大学', '2018-01-01', '在职', '00000013', '3.5', '2018-04-01', null, '2018-01-01', '2021-07-14', null);
INSERT INTO `employee` VALUES ('1748', '鹿存亮2', '男', '1990-01-03', '610122199001031456', '123456', '已婚', '1', '陕西', '3', 'zhao@qq.com', '15612347795', '陕西省西安市莲湖区', '92', '12', '34', '劳动合同', '高中', '电子工程', '哈尔滨理工大学', '2018-01-01', '在职', '00000014', '3.5', '2018-04-01', null, '2018-01-01', '2021-07-14', null);
INSERT INTO `employee` VALUES ('1749', '姚森2', '男', '1991-02-05', '610122199102058952', '123456', '已婚', '1', '河南', '3', 'yaosen@qq.com', '14785559936', '河南洛阳人民大道58号', '92', '15', '34', '劳动合同', '初中', '室内装修设计', '西北大学', '2017-01-02', '在职', '00000015', '7', '2017-04-02', null, '2017-01-02', '2024-01-17', null);
INSERT INTO `employee` VALUES ('1750', '云星2', '女', '1993-01-05', '610122199301054789', '123456', '已婚', '1', '陕西西安', '1', 'yunxing@qq.com', '15644442252', '陕西西安新城区', '92', '16', '34', '劳务合同', '硕士', '通信工程', '西安电子科技学校', '2018-01-01', '在职', '00000016', '5.25', '2018-04-01', null, '2018-01-01', '2023-04-13', null);
INSERT INTO `employee` VALUES ('1751', '贾旭明2', '男', '1993-11-11', '610122199311111234', '123456', '已婚', '1', '广东广州', '4', 'jiaxuming@qq.com', '15644441234', '广东省广州市天河区冼村路', '78', '15', '33', '劳务合同', '初中', '通信工程', '西北大学', '2018-01-01', '在职', '00000017', '5.25', '2018-04-01', null, '2018-01-01', '2023-04-13', null);
INSERT INTO `employee` VALUES ('1752', '王一亭', '男', '1991-02-01', '610144199102014569', '123456', '已婚', '1', '广东', '6', 'zhangliming@qq.com', '18979994478', '广东珠海', '91', '15', '33', '劳动合同', '高中', '考古', '清华大学', '2018-01-01', '在职', '00000018', '7', '2018-04-01', null, '2018-01-01', '2025-01-30', null);
INSERT INTO `employee` VALUES ('1753', '薛磊2', '男', '1992-07-01', '610144199207017895', '123456', '已婚', '1', '陕西西安', '13', 'xuelei@qq.com', '15648887741', '西安市雁塔区', '92', '14', '34', '劳动合同', '初中', '无', '华胥中学', '2018-01-01', '在职', '00000019', '1', '2018-04-01', null, '2018-01-01', '2019-01-01', null);
INSERT INTO `employee` VALUES ('1754', '张洁2', '女', '1990-10-09', '420177199010093652', '123456', '未婚', '1', '海南', '5', 'zhangjie@qq.com', '13695557742', '海口市美兰区', '92', '16', '34', '劳动合同', '高中', '无', '海南侨中', '2018-01-01', '在职', '00000020', '1', '2018-01-31', null, '2018-01-01', '2019-01-01', null);
INSERT INTO `employee` VALUES ('1755', '江南一点雨3', '男', '1990-01-01', '610122199001011256', '123456', '已婚', '1', '陕西', '13', 'laowang@qq.com', '18565558897', '深圳市南山区', '8', '9', '29', '劳动合同', '本科', '信息管理与信息系统', '深圳大学', '2018-01-01', '在职', '00000021', '1', '2018-04-01', null, '2018-01-01', '2019-01-01', null);
INSERT INTO `employee` VALUES ('1756', '陈静3', '女', '1989-02-01', '421288198902011234', '123456', '已婚', '1', '海南', '1', 'chenjing@qq.com', '18795556693', '海南省海口市美兰区', '82', '12', '30', '劳动合同', '高中', '市场营销', '武汉大学', '2015-06-09', '在职', '00000022', '3', '2015-09-10', null, '2015-06-09', '2018-06-08', null);
INSERT INTO `employee` VALUES ('1757', '鹿存亮3', '男', '1990-01-03', '610122199001031456', '123456', '已婚', '1', '陕西', '3', 'zhao@qq.com', '15612347795', '陕西省西安市莲湖区', '92', '12', '34', '劳动合同', '高中', '电子工程', '哈尔滨理工大学', '2018-01-01', '在职', '00000024', '3.5', '2018-04-01', null, '2018-01-01', '2021-07-14', null);
INSERT INTO `employee` VALUES ('1758', '姚森3', '男', '1991-02-05', '610122199102058952', '123456', '已婚', '1', '河南', '3', 'yaosen@qq.com', '14785559936', '河南洛阳人民大道58号', '92', '15', '34', '劳动合同', '初中', '室内装修设计', '西北大学', '2017-01-02', '在职', '00000025', '7', '2017-04-02', null, '2017-01-02', '2024-01-17', null);
INSERT INTO `employee` VALUES ('1759', '云星3', '女', '1993-01-05', '610122199301054789', '123456', '已婚', '1', '陕西西安', '1', 'yunxing@qq.com', '15644442252', '陕西西安新城区', '92', '16', '34', '劳务合同', '硕士', '通信工程', '西安电子科技学校', '2018-01-01', '在职', '00000026', '5.25', '2018-04-01', null, '2018-01-01', '2023-04-13', null);
INSERT INTO `employee` VALUES ('1760', '贾旭明3', '男', '1993-11-11', '610122199311111234', '123456', '已婚', '1', '广东广州', '4', 'jiaxuming@qq.com', '15644441234', '广东省广州市天河区冼村路', '78', '15', '33', '劳务合同', '初中', '通信工程', '西北大学', '2018-01-01', '在职', '00000027', '5.25', '2018-04-01', null, '2018-01-01', '2023-04-13', null);
INSERT INTO `employee` VALUES ('1761', '张黎明3', '男', '1991-02-01', '610144199102014569', '123456', '已婚', '1', '广东', '6', 'zhangliming@qq.com', '18979994478', '广东珠海', '91', '15', '33', '劳动合同', '高中', '考古', '清华大学', '2018-01-01', '在职', '00000028', '7', '2018-04-01', null, '2018-01-01', '2025-01-30', null);
INSERT INTO `employee` VALUES ('1762', '薛磊3', '男', '1992-07-01', '610144199207017895', '123456', '已婚', '1', '陕西西安', '13', 'xuelei@qq.com', '15648887741', '西安市雁塔区', '92', '14', '34', '劳动合同', '初中', '无', '华胥中学', '2018-01-01', '在职', '00000029', '6', '2018-04-01', null, '2018-01-01', '2024-01-17', null);
INSERT INTO `employee` VALUES ('1763', '江南一点雨4', '男', '1990-01-01', '610122199001011256', '123456', '已婚', '1', '陕西', '13', 'laowang@qq.com', '18565558897', '深圳市南山区', '8', '9', '29', '劳动合同', '本科', '信息管理与信息系统', '深圳大学', '2018-01-01', '在职', '00000031', '1', '2018-04-01', null, '2018-01-01', '2019-01-01', null);
INSERT INTO `employee` VALUES ('1764', '陈静4', '女', '1989-02-01', '421288198902011234', '123456', '已婚', '1', '海南', '1', 'chenjing@qq.com', '18795556693', '海南省海口市美兰区', '82', '12', '30', '劳动合同', '高中', '市场营销', '武汉大学', '2015-06-09', '在职', '00000032', '3', '2015-09-10', null, '2015-06-09', '2018-06-08', null);
INSERT INTO `employee` VALUES ('1765', '赵琳浩4', '男', '1993-03-04', '610122199303041456', '123456', '未婚', '1', '陕西', '3', 'zhao@qq.com', '15698887795', '陕西省西安市莲湖区', '91', '12', '33', '劳动合同', '博士', '电子工程', '哈尔滨理工大学', '2018-01-01', '在职', '00000033', '3.5', '2018-04-01', null, '2018-01-01', '2021-07-14', null);
INSERT INTO `employee` VALUES ('1766', '鹿存亮4', '男', '1990-01-03', '610122199001031456', '123456', '已婚', '1', '陕西', '3', 'zhao@qq.com', '15612347795', '陕西省西安市莲湖区', '92', '12', '34', '劳动合同', '高中', '电子工程', '哈尔滨理工大学', '2018-01-01', '在职', '00000034', '3.5', '2018-04-01', null, '2018-01-01', '2021-07-14', null);
INSERT INTO `employee` VALUES ('1767', '姚森4', '男', '1991-02-05', '610122199102058952', '123456', '已婚', '1', '河南', '3', 'yaosen@qq.com', '14785559936', '河南洛阳人民大道58号', '92', '15', '34', '劳动合同', '初中', '室内装修设计', '西北大学', '2017-01-02', '在职', '00000035', '7', '2017-04-02', null, '2017-01-02', '2024-01-17', null);
INSERT INTO `employee` VALUES ('1768', '云星4', '女', '1993-01-05', '610122199301054789', '123456', '已婚', '1', '陕西西安', '1', 'yunxing@qq.com', '15644442252', '陕西西安新城区', '92', '16', '34', '劳务合同', '硕士', '通信工程', '西安电子科技学校', '2018-01-01', '在职', '00000036', '5.25', '2018-04-01', null, '2018-01-01', '2023-04-13', null);
INSERT INTO `employee` VALUES ('1769', '贾旭明4', '男', '1993-11-11', '610122199311111234', '123456', '已婚', '1', '广东广州', '4', 'jiaxuming@qq.com', '15644441234', '广东省广州市天河区冼村路', '78', '15', '33', '劳务合同', '初中', '通信工程', '西北大学', '2018-01-01', '在职', '00000037', '5.25', '2018-04-01', null, '2018-01-01', '2023-04-13', null);
INSERT INTO `employee` VALUES ('1770', '张黎明2', '男', '1991-02-01', '610144199102014569', '123456', '已婚', '1', '广东', '6', 'zhangliming@qq.com', '18979994478', '广东珠海', '91', '15', '33', '劳动合同', '高中', '考古', '清华大学', '2018-01-01', '在职', '00000038', '7', '2018-04-01', null, '2018-01-01', '2025-01-30', null);
INSERT INTO `employee` VALUES ('1771', '薛磊4', '男', '1992-07-01', '610144199207017895', '123456', '已婚', '1', '陕西西安', '13', 'xuelei@qq.com', '15648887741', '西安市雁塔区', '92', '14', '34', '劳动合同', '初中', '无', '华胥中学', '2018-01-01', '在职', '00000039', '6', '2018-04-01', null, '2018-01-01', '2024-01-17', null);
INSERT INTO `employee` VALUES ('1772', '张洁4', '女', '1990-10-09', '420177199010093652', '123456', '未婚', '1', '海南', '5', 'zhangjie@qq.com', '13695557742', '海口市美兰区', '92', '16', '34', '劳动合同', '高中', '无', '海南侨中', '2018-01-01', '在职', '00000040', '1', '2018-01-31', null, '2018-01-01', '2019-01-01', null);
INSERT INTO `employee` VALUES ('1773', '江南一点雨5', '男', '1990-01-01', '610122199001011256', '123456', '已婚', '1', '陕西', '13', 'laowang@qq.com', '18565558897', '深圳市南山区', '8', '9', '29', '劳动合同', '本科', '信息管理与信息系统', '深圳大学', '2018-01-01', '在职', '00000041', '1', '2018-04-01', null, '2018-01-01', '2019-01-01', null);
INSERT INTO `employee` VALUES ('1774', '陈静5', '女', '1989-02-01', '421288198902011234', '123456', '已婚', '1', '海南', '1', 'chenjing@qq.com', '18795556693', '海南省海口市美兰区', '82', '12', '30', '劳动合同', '高中', '市场营销', '武汉大学', '2015-06-09', '在职', '00000042', '3', '2015-09-10', null, '2015-06-09', '2018-06-08', null);
INSERT INTO `employee` VALUES ('1775', '赵琳浩5', '男', '1993-03-04', '610122199303041456', '123456', '未婚', '1', '陕西', '3', 'zhao@qq.com', '15698887795', '陕西省西安市莲湖区', '91', '12', '33', '劳动合同', '博士', '电子工程', '哈尔滨理工大学', '2018-01-01', '在职', '00000043', '3.5', '2018-04-01', null, '2018-01-01', '2021-07-14', null);
INSERT INTO `employee` VALUES ('1776', '鹿存亮5', '男', '1990-01-03', '610122199001031456', '123456', '已婚', '1', '陕西', '3', 'zhao@qq.com', '15612347795', '陕西省西安市莲湖区', '92', '12', '34', '劳动合同', '高中', '电子工程', '哈尔滨理工大学', '2018-01-01', '在职', '00000044', '3.5', '2018-04-01', null, '2018-01-01', '2021-07-14', null);
INSERT INTO `employee` VALUES ('1777', '姚森5', '男', '1991-02-05', '610122199102058952', '123456', '已婚', '1', '河南', '3', 'yaosen@qq.com', '14785559936', '河南洛阳人民大道58号', '92', '15', '34', '劳动合同', '初中', '室内装修设计', '西北大学', '2017-01-02', '在职', '00000045', '7', '2017-04-02', null, '2017-01-02', '2024-01-17', null);
INSERT INTO `employee` VALUES ('1778', '云星5', '女', '1993-01-05', '610122199301054789', '123456', '已婚', '1', '陕西西安', '1', 'yunxing@qq.com', '15644442252', '陕西西安新城区', '92', '16', '34', '劳务合同', '硕士', '通信工程', '西安电子科技学校', '2018-01-01', '在职', '00000046', '5.25', '2018-04-01', null, '2018-01-01', '2023-04-13', null);
INSERT INTO `employee` VALUES ('1779', '贾旭明5', '男', '1993-11-11', '610122199311111234', '123456', '已婚', '1', '广东广州', '4', 'jiaxuming@qq.com', '15644441234', '广东省广州市天河区冼村路', '78', '15', '33', '劳务合同', '初中', '通信工程', '西北大学', '2018-01-01', '在职', '00000047', '5.25', '2018-04-01', null, '2018-01-01', '2023-04-13', null);
INSERT INTO `employee` VALUES ('1780', '张黎明5', '男', '1991-02-01', '610144199102014569', '123456', '已婚', '1', '广东', '6', 'zhangliming@qq.com', '18979994478', '广东珠海', '91', '15', '33', '劳动合同', '高中', '考古', '清华大学', '2018-01-01', '在职', '00000048', '7', '2018-04-01', null, '2018-01-01', '2025-01-30', null);
INSERT INTO `employee` VALUES ('1781', '薛磊5', '男', '1992-07-01', '610144199207017895', '123456', '已婚', '1', '陕西西安', '13', 'xuelei@qq.com', '15648887741', '西安市雁塔区', '92', '14', '34', '劳动合同', '初中', '无', '华胥中学', '2018-01-01', '在职', '00000049', '6', '2018-04-01', null, '2018-01-01', '2024-01-17', null);
INSERT INTO `employee` VALUES ('1782', '张洁5', '女', '1990-10-09', '420177199010093652', '123456', '未婚', '1', '海南', '5', 'zhangjie@qq.com', '13695557742', '海口市美兰区', '92', '16', '34', '劳动合同', '高中', '无', '海南侨中', '2018-01-01', '在职', '00000050', '1', '2018-01-31', null, '2018-01-01', '2019-01-01', null);
INSERT INTO `employee` VALUES ('1783', '江南一点雨6', '男', '1990-01-01', '610122199001011256', '123456', '已婚', '1', '陕西', '13', 'laowang@qq.com', '18565558897', '深圳市南山区', '8', '9', '29', '劳动合同', '本科', '信息管理与信息系统', '深圳大学', '2018-01-01', '在职', '00000051', '1', '2018-04-01', null, '2018-01-01', '2019-01-01', null);
INSERT INTO `employee` VALUES ('1784', '陈静6', '女', '1989-02-01', '421288198902011234', '123456', '已婚', '1', '海南', '1', 'chenjing@qq.com', '18795556693', '海南省海口市美兰区', '82', '12', '30', '劳动合同', '高中', '市场营销', '武汉大学', '2015-06-09', '在职', '00000052', '3', '2015-09-10', null, '2015-06-09', '2018-06-08', null);
INSERT INTO `employee` VALUES ('1785', '赵琳浩6', '男', '1993-03-04', '610122199303041456', '123456', '未婚', '1', '陕西', '3', 'zhao@qq.com', '15698887795', '陕西省西安市莲湖区', '91', '12', '33', '劳动合同', '博士', '电子工程', '哈尔滨理工大学', '2018-01-01', '在职', '00000053', '3.5', '2018-04-01', null, '2018-01-01', '2021-07-14', null);
INSERT INTO `employee` VALUES ('1786', '鹿存亮6', '男', '1990-01-03', '610122199001031456', '123456', '已婚', '1', '陕西', '3', 'zhao@qq.com', '15612347795', '陕西省西安市莲湖区', '92', '12', '34', '劳动合同', '高中', '电子工程', '哈尔滨理工大学', '2018-01-01', '在职', '00000054', '3.5', '2018-04-01', null, '2018-01-01', '2021-07-14', null);
INSERT INTO `employee` VALUES ('1787', '姚森6', '男', '1991-02-05', '610122199102058952', '123456', '已婚', '1', '河南', '3', 'yaosen@qq.com', '14785559936', '河南洛阳人民大道58号', '92', '15', '34', '劳动合同', '初中', '室内装修设计', '西北大学', '2017-01-02', '在职', '00000055', '7', '2017-04-02', null, '2017-01-02', '2024-01-17', null);
INSERT INTO `employee` VALUES ('1788', '云星6', '女', '1993-01-05', '610122199301054789', '123456', '已婚', '1', '陕西西安', '1', 'yunxing@qq.com', '15644442252', '陕西西安新城区', '92', '16', '34', '劳务合同', '硕士', '通信工程', '西安电子科技学校', '2018-01-01', '在职', '00000056', '5.25', '2018-04-01', null, '2018-01-01', '2023-04-13', null);
INSERT INTO `employee` VALUES ('1823', '谢工', '女', '1970-01-01', '618177197001011234', '123456', '离异', '1', '江苏', '1', '584991843@qq.com', '18558887788', '北京', '91', '12', '29', '劳动合同', '本科', '计算机软件', '南华大学', '2018-01-01', '在职', '00000038', '5', '2019-01-01', null, '2018-01-01', '2023-01-01', null);
INSERT INTO `employee` VALUES ('1824', '林昭亮', '男', '1990-01-01', '610122199809091234', '123456', '已婚', '1', '广东', '13', '584991843@qq.com', '16767776654', '广东深圳', '91', '15', '33', '劳动合同', '大专', '计算机软件', '广东职业技术学院', '2018-01-01', '在职', '00000039', '5', '2018-04-01', null, '2018-01-01', '2023-01-01', null);
INSERT INTO `employee` VALUES ('1825', '11', '男', '2018-01-01', '610122201801011234', '123456', '已婚', '1', '1', '1', '584991843@qq.com', '111', '1', '89', '9', '29', '劳动合同', '本科', '1', '1', '2018-01-01', '在职', '00000040', '4', '2018-04-01', null, '2018-01-01', '2022-01-26', null);
INSERT INTO `employee` VALUES ('1826', '1', '男', '2018-01-01', '610188199809091234', '123456', '已婚', '1', '1', '1', '584991843@qq.com', '1', '1', '89', '9', '29', '劳动合同', '大专', '1', '1', '2018-01-31', '在职', '00000041', '1', '2018-01-31', null, '2018-01-31', '2019-01-31', null);
INSERT INTO `employee` VALUES ('1827', '1', '男', '2018-01-01', '610122199909090000', '123456', '已婚', '1', '1', '1', '584991843@qq.com', '1', '1', '78', '9', '29', '劳动合同', '大专', '1', '1', '2018-01-31', '在职', '00000042', '1', '2018-01-31', null, '2018-01-31', '2019-01-31', null);
INSERT INTO `employee` VALUES ('1828', '1', '男', '2018-01-01', '610122199909090000', '123456', '已婚', '1', '1', '1', '584991843@qq.com', '1', '1', '81', '9', '29', '劳动合同', '大专', '1', '1', '2018-01-31', '在职', '00000043', '0', '2018-01-31', null, '2018-01-31', '2018-01-31', null);
INSERT INTO `employee` VALUES ('1829', '1', '男', '2018-01-01', '610122199909099999', '123456', '已婚', '1', '1', '1', '584991843@qq.com', '1', '1', '87', '9', '29', '劳动合同', '大专', '1', '1', '2018-01-01', '在职', '00000044', '0', '2018-01-01', null, '2018-01-01', '2018-01-31', null);
INSERT INTO `employee` VALUES ('1830', '1', '男', '2018-01-01', '610122199909099999', '123456', '已婚', '1', '1', '1', '584991843@qq.com', '1', '1', '78', '9', '29', '劳动合同', '大专', '1', '1', '2018-01-01', '在职', '00000045', '0', '2018-01-01', null, '2018-01-01', '2018-01-31', null);
INSERT INTO `employee` VALUES ('1831', '林伯渠', '男', '2018-01-01', '610122199909099999', '123456', '未婚', '1', '1', '1', '584991843@qq.com', '1', '1', '8', '9', '29', '劳动合同', '大专', '1', '1', '2018-01-31', '在职', '00000046', '0', '2018-01-31', null, '2018-01-31', '2018-01-31', null);
INSERT INTO `employee` VALUES ('1832', '1', '男', '2018-01-01', '610122199909091234', '123456', '已婚', '1', '1', '1', '584991843@qq.com', '1', '1', '8', '9', '29', '劳动合同', '大专', '1', '1', '2018-01-31', '在职', '00000047', '0', '2018-01-31', null, '2018-01-31', '2018-01-31', null);
INSERT INTO `employee` VALUES ('1931', 'javaboy', '男', '1989-12-31', '610122199001011256', '123456', '已婚', '1', '陕西', '13', 'laowang@qq.com', '18565558897', '深圳市南山区', '5', '9', '29', '劳务合同', '本科', '信息管理与信息系统', '深圳大学', '2017-12-31', '在职', '00000057', '2', '2018-03-31', null, '2017-12-31', '2019-12-31', null);
INSERT INTO `employee` VALUES ('1932', 'javaboy', '男', '1989-12-31', '610122199001011256', '123456', '已婚', '1', '陕西', '13', 'laowang@qq.com', '18565558897', '深圳市南山区', '93', '9', '29', '劳务合同', '本科', '信息管理与信息系统', '深圳大学', '2019-11-05', '在职', '00000058', '2', '2018-03-31', null, '2017-12-31', '2019-12-31', null);
INSERT INTO `employee` VALUES ('1933', 'javaboy', '男', '1989-12-31', '610122199001011256', '123456', '已婚', '1', '', '13', 'laowang@qq.com', '18565558897', '深圳市南山区', '93', '9', '29', '劳务合同', '本科', '信息管理与信息系统', '深圳大学', '2019-11-05', '在职', '00000059', '2', '2018-03-31', null, '2017-12-31', '2019-12-31', null);
INSERT INTO `employee` VALUES ('1934', 'javaboy', '男', '1989-12-31', '610122199001011256', '123456', '已婚', '1', '陕西', '13', 'laowan@123.com', '18565558897', '深圳市南山区', '5', '9', '29', '劳务合同', '本科', '信息管理与信息系统', '深圳大学', '2017-12-31', '在职', '00000060', '2', '2018-03-31', null, '2017-12-31', '2019-12-31', null);
INSERT INTO `employee` VALUES ('1935', 'javaboy', '男', '1989-12-31', '610122199001011256', '123456', '已婚', '1', '陕西', '13', 'laowan@123.com', '18565558897', '深圳市南山区', '5', '9', '29', '劳务合同', '本科', '信息管理与信息系统', '深圳大学', '2017-12-31', '在职', '00000060', '2', '2018-03-31', null, '2017-12-31', '2019-12-31', null);
INSERT INTO `employee` VALUES ('1936', 'javaboy', '男', '1989-12-31', '610122199001011256', '123456', '已婚', '1', '陕西', '13', 'laowang@qq.com', '18565558897', '深圳市南山区', '91', '9', '29', '劳务合同', '本科', '信息管理与信息系统', '深圳大学', '2017-12-31', '在职', '00000061', '2', '2018-03-31', null, '2017-12-31', '2019-12-31', null);
INSERT INTO `employee` VALUES ('1937', 'javaboy', '男', '1989-12-31', '610122199001011256', '123456', '已婚', '1', '陕西', '13', 'laowang@qq.com', '18565558897', '深圳市南山区', '91', '9', '29', '劳务合同', '本科', '信息管理与信息系统', '深圳大学', '2017-12-31', '在职', '00000062', '6.17', '2018-03-31', null, '2017-12-31', '2024-02-29', null);
INSERT INTO `employee` VALUES ('1938', 'javaboy666', '男', '2019-11-10', '610122199911111111', '123456', '已婚', '1', '广东', '13', '123@qq.com', '12345678901', '广东深圳', '78', '9', '29', '劳动合同', '本科', '信管', '深圳大学', '2019-11-10', '在职', '00000063', '3.25', '2020-02-10', null, '2019-11-10', '2023-02-22', null);
INSERT INTO `employee` VALUES ('1939', 'javaboy666', '男', '2019-11-10', '610122199911111111', '123456', '已婚', '1', '广东', '13', '123@qq.com', '12345678901', '广东深圳', '78', '9', '29', '劳动合同', '本科', '信管', '深圳大学', '2019-11-10', '在职', '00000063', '3.25', '2020-02-10', null, '2019-11-10', '2023-02-22', null);
INSERT INTO `employee` VALUES ('1940', 'javaboy', '男', '2017-11-01', '610144199905059999', '123456', '已婚', '1', '广东', '13', '584991843@qq.com', '18564447789', '广东深圳', '85', '9', '29', '劳动合同', '本科', '信息管理与信息系统', '深圳大学', '2019-11-24', '在职', '00000064', '3', '2020-01-10', null, '2019-11-24', '2022-11-27', null);
INSERT INTO `employee` VALUES ('1941', 'javaboy', '男', '2019-11-24', '610144199905056666', '123456', '已婚', '1', '广东', '13', '584991843@qq.com', '18566667777', '广东深圳', '89', '9', '29', '劳动合同', '本科', '计算机科学', '深圳大学', '2019-11-24', '在职', '00000065', '3', '2020-02-23', null, '2019-11-24', '2022-11-27', null);
INSERT INTO `employee` VALUES ('1942', '许嵩', '男', '2014-03-11', '350322199707243854', '123456', '未婚', '1', '福建', '1', '2296253727@qq.com', '11111111111', '福建厦门', '91', '9', '36', '劳动合同', '本科', '计算机', '集美大学', '2020-01-14', '在职', '00000066', '4', '2020-03-17', null, '2020-03-10', '2024-03-13', null);

-- ----------------------------
-- Table structure for employeerp
-- ----------------------------
DROP TABLE IF EXISTS `employeerp`;
CREATE TABLE `employeerp` (
  `id` int(11) NOT NULL AUTO_INCREMENT,
  `eid` int(11) DEFAULT NULL COMMENT '员工编号',
  `rp_date` date DEFAULT NULL COMMENT '奖罚日期',
  `rp_reason` varchar(255) DEFAULT NULL COMMENT '奖罚原因',
  `rp_point` int(11) DEFAULT NULL COMMENT '奖罚分',
  `rp_type` int(11) DEFAULT NULL COMMENT '奖罚类别，0：奖，1：罚',
  `remark` varchar(255) DEFAULT NULL COMMENT '备注',
  PRIMARY KEY (`id`),
  KEY `pid` (`eid`),
  CONSTRAINT `employeerp_ibfk_1` FOREIGN KEY (`eid`) REFERENCES `employee` (`id`)
) ENGINE=InnoDB AUTO_INCREMENT=5 DEFAULT CHARSET=utf8;

-- ----------------------------
-- Records of employeerp
-- ----------------------------
INSERT INTO `employeerp` VALUES ('1', '1', '2020-03-01', 'fdsfsdfsf', '100', '0', null);
INSERT INTO `employeerp` VALUES ('2', '2', '2020-03-02', '偷懒', '50', '1', null);
INSERT INTO `employeerp` VALUES ('3', '4', '2020-04-01', '项目上线成功', '120', '0', null);
INSERT INTO `employeerp` VALUES ('4', '2', '2020-03-27', '工作努力', '50', '1', '');

-- ----------------------------
-- Table structure for employeetrain
-- ----------------------------
DROP TABLE IF EXISTS `employeetrain`;
CREATE TABLE `employeetrain` (
  `id` int(11) NOT NULL AUTO_INCREMENT,
  `eid` int(11) DEFAULT NULL COMMENT '员工编号',
  `trainDate` date DEFAULT NULL COMMENT '培训日期',
  `trainContent` varchar(255) DEFAULT NULL COMMENT '培训内容',
  `remark` varchar(255) DEFAULT NULL COMMENT '备注',
  PRIMARY KEY (`id`),
  KEY `pid` (`eid`),
  CONSTRAINT `employeetrain_ibfk_1` FOREIGN KEY (`eid`) REFERENCES `employee` (`id`)
) ENGINE=InnoDB DEFAULT CHARSET=utf8;

-- ----------------------------
-- Records of employeetrain
-- ----------------------------

-- ----------------------------
-- Table structure for empRemove
-- ----------------------------
DROP TABLE IF EXISTS `empRemove`;
CREATE TABLE `empRemove` (
  `id` int(11) NOT NULL AUTO_INCREMENT,
  `eid` int(11) DEFAULT NULL,
  `after_department` int(11) DEFAULT NULL COMMENT '调动后部门',
  `after_position` int(11) DEFAULT NULL COMMENT '调动后职位',
  `remove_date` date DEFAULT NULL COMMENT '调动日期',
  `reason` varchar(255) DEFAULT NULL COMMENT '调动原因',
  `remark` varchar(255) DEFAULT NULL,
  PRIMARY KEY (`id`),
  KEY `pid` (`eid`),
  CONSTRAINT `empRemove_ibfk_1` FOREIGN KEY (`eid`) REFERENCES `employee` (`id`)
) ENGINE=InnoDB AUTO_INCREMENT=3 DEFAULT CHARSET=utf8;

-- ----------------------------
-- Records of empRemove
-- ----------------------------
INSERT INTO `empRemove` VALUES ('2', '2', '93', '34', '2020-04-03', '技术调整', null);

-- ----------------------------
-- Table structure for empSalary
-- ----------------------------
DROP TABLE IF EXISTS `empSalary`;
CREATE TABLE `empSalary` (
  `id` int(11) NOT NULL AUTO_INCREMENT,
  `eid` int(11) DEFAULT NULL,
  `sid` int(11) DEFAULT NULL,
  PRIMARY KEY (`id`),
  UNIQUE KEY `eid` (`eid`),
  KEY `empsalary_ibfk_2` (`sid`),
  CONSTRAINT `empSalary_ibfk_1` FOREIGN KEY (`eid`) REFERENCES `employee` (`id`),
  CONSTRAINT `empSalary_ibfk_2` FOREIGN KEY (`sid`) REFERENCES `salary` (`id`)
) ENGINE=InnoDB AUTO_INCREMENT=50 DEFAULT CHARSET=utf8;

-- ----------------------------
-- Records of empSalary
-- ----------------------------
INSERT INTO `empSalary` VALUES ('6', '4', '10');
INSERT INTO `empSalary` VALUES ('10', '5', '9');
INSERT INTO `empSalary` VALUES ('11', '6', '13');
INSERT INTO `empSalary` VALUES ('12', '7', '13');
INSERT INTO `empSalary` VALUES ('14', '8', '10');
INSERT INTO `empSalary` VALUES ('15', '9', '10');
INSERT INTO `empSalary` VALUES ('20', '10', '13');
INSERT INTO `empSalary` VALUES ('21', '11', '9');
INSERT INTO `empSalary` VALUES ('22', '3', '13');
INSERT INTO `empSalary` VALUES ('24', '2', '9');
INSERT INTO `empSalary` VALUES ('26', '33', '10');
INSERT INTO `empSalary` VALUES ('28', '34', '9');
INSERT INTO `empSalary` VALUES ('29', '44', '10');
INSERT INTO `empSalary` VALUES ('30', '45', '10');
INSERT INTO `empSalary` VALUES ('31', '43', '10');
INSERT INTO `empSalary` VALUES ('32', '47', '10');
INSERT INTO `empSalary` VALUES ('33', '52', '13');
INSERT INTO `empSalary` VALUES ('34', '53', '10');
INSERT INTO `empSalary` VALUES ('35', '54', '10');
INSERT INTO `empSalary` VALUES ('36', '56', '10');
INSERT INTO `empSalary` VALUES ('38', '21', '9');
INSERT INTO `empSalary` VALUES ('44', '1', '10');
INSERT INTO `empSalary` VALUES ('45', '20', '9');
INSERT INTO `empSalary` VALUES ('46', '12', '9');
INSERT INTO `empSalary` VALUES ('49', '1551', '10');

-- ----------------------------
-- Table structure for hr
-- ----------------------------
DROP TABLE IF EXISTS `hr`;
CREATE TABLE `hr` (
  `id` int(11) NOT NULL AUTO_INCREMENT COMMENT 'hrID',
  `name` varchar(32) DEFAULT NULL COMMENT '姓名',
  `phone` char(11) DEFAULT NULL COMMENT '手机号码',
  `telephone` varchar(16) DEFAULT NULL COMMENT '住宅电话',
  `address` varchar(64) DEFAULT NULL COMMENT '联系地址',
  `enabled` tinyint(1) DEFAULT '1',
  `username` varchar(255) DEFAULT NULL COMMENT '用户名',
  `password` varchar(255) DEFAULT NULL COMMENT '密码',
  `userface` varchar(255) DEFAULT NULL,
  `remark` varchar(255) DEFAULT NULL,
  PRIMARY KEY (`id`)
) ENGINE=InnoDB AUTO_INCREMENT=13 DEFAULT CHARSET=utf8;

-- ----------------------------
-- Records of hr
-- ----------------------------
INSERT INTO `hr` VALUES ('3', '系统管理员', '18568887789', '029-82881234', '深圳南山', '1', 'admin', '$2a$10$ySG2lkvjFHY5O0./CPIE1OI8VJsuKYEzOYzqIa7AJR6sEgSzUFOAm', 'http://bpic.588ku.com/element_pic/01/40/00/64573ce2edc0728.jpg', null);
INSERT INTO `hr` VALUES ('5', '李白', '18568123489', '029-82123434', '海口美兰', '1', 'libai', '$2a$10$oE39aG10kB/rFu2vQeCJTu/V/v4n6DRR0f8WyXRiAYvBpmadoOBE.', 'https://timgsa.baidu.com/timg?image&quality=80&size=b9999_10000&sec=1514093920321&di=913e88c23f382933ef430024afd9128a&imgtype=0&src=http%3A%2F%2Fp.3761.com%2Fpic%2F9771429316733.jpg', null);
INSERT INTO `hr` VALUES ('10', '韩愈', '18568123666', '029-82111555', '广州番禺', '1', 'hanyu', '$2a$10$oE39aG10kB/rFu2vQeCJTu/V/v4n6DRR0f8WyXRiAYvBpmadoOBE.', 'https://timgsa.baidu.com/timg?image&quality=80&size=b9999_10000&sec=1517070040185&di=be0375e0c3db6c311b837b28c208f318&imgtype=0&src=http%3A%2F%2Fimg2.soyoung.com%2Fpost%2F20150213%2F6%2F20150213141918532.jpg', null);
INSERT INTO `hr` VALUES ('11', '柳宗元', '18568123377', '029-82111333', '广州天河', '1', 'liuzongyuan', '$2a$10$oE39aG10kB/rFu2vQeCJTu/V/v4n6DRR0f8WyXRiAYvBpmadoOBE.', 'https://timgsa.baidu.com/timg?image&quality=80&size=b9999_10000&sec=1515233756&di=0856d923a0a37a87fd26604a2c871370&imgtype=jpg&er=1&src=http%3A%2F%2Fwww.qqzhi.com%2Fuploadpic%2F2014-09-27%2F041716704.jpg', null);
INSERT INTO `hr` VALUES ('12', '曾巩', '18568128888', '029-82111222', '广州越秀', '1', 'zenggong', '$2a$10$oE39aG10kB/rFu2vQeCJTu/V/v4n6DRR0f8WyXRiAYvBpmadoOBE.', 'https://timgsa.baidu.com/timg?image&quality=80&size=b9999_10000&sec=1517070040185&di=be0375e0c3db6c311b837b28c208f318&imgtype=0&src=http%3A%2F%2Fimg2.soyoung.com%2Fpost%2F20150213%2F6%2F20150213141918532.jpg', null);

-- ----------------------------
-- Table structure for hr_role
-- ----------------------------
DROP TABLE IF EXISTS `hr_role`;
CREATE TABLE `hr_role` (
  `id` int(11) NOT NULL AUTO_INCREMENT,
  `hrid` int(11) DEFAULT NULL,
  `rid` int(11) DEFAULT NULL,
  PRIMARY KEY (`id`),
  KEY `rid` (`rid`),
  KEY `hr_role_ibfk_1` (`hrid`),
  CONSTRAINT `hr_role_ibfk_1` FOREIGN KEY (`hrid`) REFERENCES `hr` (`id`) ON DELETE CASCADE,
  CONSTRAINT `hr_role_ibfk_2` FOREIGN KEY (`rid`) REFERENCES `role` (`id`)
) ENGINE=InnoDB AUTO_INCREMENT=75 DEFAULT CHARSET=utf8;

-- ----------------------------
-- Records of hr_role
-- ----------------------------
INSERT INTO `hr_role` VALUES ('1', '3', '6');
INSERT INTO `hr_role` VALUES ('35', '12', '4');
INSERT INTO `hr_role` VALUES ('36', '12', '3');
INSERT INTO `hr_role` VALUES ('37', '12', '2');
INSERT INTO `hr_role` VALUES ('43', '11', '3');
INSERT INTO `hr_role` VALUES ('44', '11', '2');
INSERT INTO `hr_role` VALUES ('45', '11', '4');
INSERT INTO `hr_role` VALUES ('46', '11', '5');
INSERT INTO `hr_role` VALUES ('48', '10', '3');
INSERT INTO `hr_role` VALUES ('49', '10', '4');
INSERT INTO `hr_role` VALUES ('72', '5', '1');
INSERT INTO `hr_role` VALUES ('73', '5', '2');
INSERT INTO `hr_role` VALUES ('74', '5', '3');

-- ----------------------------
-- Table structure for jobLevel
-- ----------------------------
DROP TABLE IF EXISTS `jobLevel`;
CREATE TABLE `jobLevel` (
  `id` int(11) NOT NULL AUTO_INCREMENT,
  `name` varchar(32) DEFAULT NULL COMMENT '职称名称',
  `title_level` enum('正高级','副高级','中级','初级','员级') DEFAULT NULL,
  `create_date` timestamp NULL DEFAULT CURRENT_TIMESTAMP,
  `enabled` tinyint(1) DEFAULT '1',
  PRIMARY KEY (`id`)
) ENGINE=InnoDB AUTO_INCREMENT=18 DEFAULT CHARSET=utf8;

-- ----------------------------
-- Records of jobLevel
-- ----------------------------
INSERT INTO `jobLevel` VALUES ('9', '教授', '正高级', '2018-01-11 00:00:00', '1');
INSERT INTO `jobLevel` VALUES ('10', '副教授', '副高级', '2018-01-11 21:19:20', '1');
INSERT INTO `jobLevel` VALUES ('12', '助教', '初级', '2018-01-11 21:35:39', '1');
INSERT INTO `jobLevel` VALUES ('13', '讲师', '中级', '2018-01-11 00:00:00', '0');
INSERT INTO `jobLevel` VALUES ('14', '初级工程师', '初级', '2018-01-14 00:00:00', '1');
INSERT INTO `jobLevel` VALUES ('15', '中级工程师66', '中级', '2018-01-14 00:00:00', '1');
INSERT INTO `jobLevel` VALUES ('16', '高级工程师', '副高级', '2018-01-14 16:19:14', '1');
INSERT INTO `jobLevel` VALUES ('17', '骨灰级工程师', '正高级', '2018-01-14 16:19:24', '1');

-- ----------------------------
-- Table structure for leave
-- ----------------------------
DROP TABLE IF EXISTS `leave`;
CREATE TABLE `leave` (
  `id` int(11) NOT NULL AUTO_INCREMENT,
  `eid` int(11) NOT NULL,
  `reason` varchar(255) DEFAULT NULL COMMENT '请假原因',
  `begin` datetime DEFAULT NULL COMMENT '请假开始时间',
  `end` datetime DEFAULT NULL COMMENT '请假结束时间',
  `hrid` int(11) DEFAULT NULL COMMENT '批准的hr',
  `status` int(4) DEFAULT '0' COMMENT '是否批准（0，未处理；1，同意，2，拒绝）',
  `start_date` timestamp NULL DEFAULT NULL ON UPDATE CURRENT_TIMESTAMP,
  `handle_date` timestamp NULL DEFAULT NULL ON UPDATE CURRENT_TIMESTAMP,
  PRIMARY KEY (`id`),
  KEY `eid` (`eid`) USING BTREE,
  KEY `hrid` (`hrid`),
  CONSTRAINT `leave_ibfk_1` FOREIGN KEY (`eid`) REFERENCES `employee` (`id`),
  CONSTRAINT `leave_ibfk_2` FOREIGN KEY (`hrid`) REFERENCES `hr` (`id`)
) ENGINE=InnoDB AUTO_INCREMENT=5 DEFAULT CHARSET=utf8mb4;

-- ----------------------------
-- Records of leave
-- ----------------------------
INSERT INTO `leave` VALUES ('1', '1', 'helloworld', '2020-03-12 20:03:53', '2020-03-27 20:03:57', '3', '2', '2020-03-26 21:15:20', '2020-03-26 21:15:20');
INSERT INTO `leave` VALUES ('2', '3', 'helloworld', '2020-03-04 20:05:45', '2020-03-05 20:05:49', '5', '1', '2020-03-03 20:06:18', '2020-03-03 20:06:43');
INSERT INTO `leave` VALUES ('3', '5', '1263456789gyjhkgjkkkkkkkkkkkkkkkkkkkkkkkkkkkkkkkkkkkkkkkkkk', '2020-03-26 20:07:53', '2020-03-27 20:07:57', '3', '1', '2020-03-26 21:07:50', '2020-03-26 21:07:51');
INSERT INTO `leave` VALUES ('4', '6', 'dfgsagfdshtdshtsgytrshtrsf法大师傅', '2020-02-13 21:04:06', '2020-02-14 21:04:17', '3', '2', '2020-02-11 21:04:32', '2020-03-26 21:12:52');

-- ----------------------------
-- Table structure for menu
-- ----------------------------
DROP TABLE IF EXISTS `menu`;
CREATE TABLE `menu` (
  `id` int(11) NOT NULL AUTO_INCREMENT,
  `url` varchar(64) DEFAULT NULL,
  `path` varchar(64) DEFAULT NULL,
  `component` varchar(64) DEFAULT NULL,
  `name` varchar(64) DEFAULT NULL,
  `iconCls` varchar(64) DEFAULT NULL,
  `keepAlive` tinyint(1) DEFAULT NULL,
  `requireAuth` tinyint(1) DEFAULT NULL,
  `parentId` int(11) DEFAULT NULL,
  `enabled` tinyint(1) DEFAULT '1',
  PRIMARY KEY (`id`),
  KEY `parentId` (`parentId`),
  CONSTRAINT `menu_ibfk_1` FOREIGN KEY (`parentId`) REFERENCES `menu` (`id`)
) ENGINE=InnoDB AUTO_INCREMENT=34 DEFAULT CHARSET=utf8;

-- ----------------------------
-- Records of menu
-- ----------------------------
INSERT INTO `menu` VALUES ('1', '/', null, null, '所有', null, null, null, null, '1');
INSERT INTO `menu` VALUES ('2', '/', '/home', 'Home', '员工资料', 'el-icon-user-solid', null, '1', '1', '1');
INSERT INTO `menu` VALUES ('3', '/', '/home', 'Home', '人事管理', 'el-icon-s-unfold', null, '1', '1', '1');
INSERT INTO `menu` VALUES ('4', '/', '/home', 'Home', '薪资管理', 'el-icon-s-claim', null, '1', '1', '1');
INSERT INTO `menu` VALUES ('5', '/', '/home', 'Home', '统计管理', 'el-icon-s-data', null, '1', '1', '1');
INSERT INTO `menu` VALUES ('6', '/', '/home', 'Home', '系统管理', 'el-icon-s-tools', null, '1', '1', '1');
INSERT INTO `menu` VALUES ('7', '/employee/basic/**', '/emp/basic', 'EmployeeBasic', '基本资料', null, null, '1', '2', '1');
INSERT INTO `menu` VALUES ('8', '/employee/advanced/**', '/emp/adv', 'EmployeeAdvance', '高级资料', null, null, '1', '2', '1');
INSERT INTO `menu` VALUES ('9', '/personnel/emp/**', '/per/emp', 'PerEmp', '员工资料', null, null, '1', '3', '1');
INSERT INTO `menu` VALUES ('10', '/employee/empRp/**', '/emp/empRp', 'EmployeeRP', '员工奖惩', null, null, '1', '3', '1');
INSERT INTO `menu` VALUES ('11', '/personnel/train/**', '/per/train', 'PerTrain', '员工培训', null, null, '1', '3', '1');
INSERT INTO `menu` VALUES ('12', '/employee/sal_adjust/**', '/emp/salAdjust', 'EmployeeSalAdjust', '员工调薪', null, null, '1', '3', '1');
INSERT INTO `menu` VALUES ('13', '/employee/emp_rm/**', '/emp/empRm', 'EmployeeRemove', '员工调动', null, null, '1', '3', '1');
INSERT INTO `menu` VALUES ('14', '/salary/**', '/sal/sob', 'SalaryTemplate', '工资账套管理', null, null, '1', '4', '1');
INSERT INTO `menu` VALUES ('15', '/salary/config/**', '/sal/sobcfg', 'SalaryEmpCfg', '员工账套设置', null, null, '1', '4', '1');
INSERT INTO `menu` VALUES ('16', '/salary/table/**', '/sal/table', 'SalTable', '工资表管理', null, null, '1', '4', '1');
INSERT INTO `menu` VALUES ('17', '/salary/month/**', '/sal/month', 'SalMonth', '月末处理', null, null, '1', '4', '1');
INSERT INTO `menu` VALUES ('18', '/salary/search/**', '/sal/search', 'SalSearch', '工资表查询', null, null, '1', '4', '1');
INSERT INTO `menu` VALUES ('19', '/statistics/all/**', '/sta/all', 'StaAll', '综合信息统计', null, null, '1', '5', '1');
INSERT INTO `menu` VALUES ('20', '/statistics/score/**', '/sta/score', 'StaScore', '员工积分统计', null, null, '1', '5', '1');
INSERT INTO `menu` VALUES ('21', '/statistics/personnel/**', '/sta/pers', 'StaPers', '人事信息统计', null, null, '1', '5', '1');
INSERT INTO `menu` VALUES ('22', '/statistics/recored/**', '/sta/record', 'StaRecord', '人事记录统计', null, null, '1', '5', '1');
INSERT INTO `menu` VALUES ('23', '/system/basic/**', '/sys/basic', 'SysBasic', '基础信息设置', null, null, '1', '6', '1');
INSERT INTO `menu` VALUES ('24', '/system/cfg/**', '/sys/cfg', 'SysCfg', '系统管理', null, null, '1', '6', '1');
INSERT INTO `menu` VALUES ('25', '/system/log/**', '/sys/log', 'SysLog', '操作日志管理', null, null, '1', '6', '1');
INSERT INTO `menu` VALUES ('26', '/system/hr/**', '/sys/hr', 'SysHr', '操作员管理', null, null, '1', '6', '1');
INSERT INTO `menu` VALUES ('27', '/system/data/**', '/sys/data', 'SysData', '备份恢复数据库', null, null, '1', '6', '1');
INSERT INTO `menu` VALUES ('28', '/system/init/**', '/sys/init', 'SysInit', '初始化数据库', null, null, '1', '6', '1');
INSERT INTO `menu` VALUES ('29', '/employee/leave/**', '/emp/leave', 'EmployeeLeave', '请假信息', null, null, '1', '3', '1');
INSERT INTO `menu` VALUES ('30', '/emp_sys/', '', '', '员工系统所有', null, null, null, null, '1');
INSERT INTO `menu` VALUES ('31', '/emp_sys/basic/**', '/userBasic', 'UserBasic', '基本信息', null, null, '1', '30', '1');
INSERT INTO `menu` VALUES ('32', '/emp_sys/', '/empHome', 'EmpHome', '项目管理', null, null, '1', '30', '1');
INSERT INTO `menu` VALUES ('33', '/emp_sys/project/**', '/project', 'Project', '项目信息', null, null, '1', '32', '1');

-- ----------------------------
-- Table structure for menu_role
-- ----------------------------
DROP TABLE IF EXISTS `menu_role`;
CREATE TABLE `menu_role` (
  `id` int(11) NOT NULL AUTO_INCREMENT,
  `mid` int(11) DEFAULT NULL,
  `rid` int(11) DEFAULT NULL,
  PRIMARY KEY (`id`),
  KEY `mid` (`mid`),
  KEY `rid` (`rid`),
  CONSTRAINT `menu_role_ibfk_1` FOREIGN KEY (`mid`) REFERENCES `menu` (`id`),
  CONSTRAINT `menu_role_ibfk_2` FOREIGN KEY (`rid`) REFERENCES `role` (`id`)
) ENGINE=InnoDB AUTO_INCREMENT=284 DEFAULT CHARSET=utf8;

-- ----------------------------
-- Records of menu_role
-- ----------------------------
INSERT INTO `menu_role` VALUES ('161', '7', '3');
INSERT INTO `menu_role` VALUES ('162', '7', '6');
INSERT INTO `menu_role` VALUES ('163', '9', '6');
INSERT INTO `menu_role` VALUES ('164', '10', '6');
INSERT INTO `menu_role` VALUES ('165', '11', '6');
INSERT INTO `menu_role` VALUES ('166', '12', '6');
INSERT INTO `menu_role` VALUES ('167', '13', '6');
INSERT INTO `menu_role` VALUES ('168', '14', '6');
INSERT INTO `menu_role` VALUES ('169', '15', '6');
INSERT INTO `menu_role` VALUES ('170', '16', '6');
INSERT INTO `menu_role` VALUES ('171', '17', '6');
INSERT INTO `menu_role` VALUES ('172', '18', '6');
INSERT INTO `menu_role` VALUES ('173', '19', '6');
INSERT INTO `menu_role` VALUES ('174', '20', '6');
INSERT INTO `menu_role` VALUES ('175', '21', '6');
INSERT INTO `menu_role` VALUES ('176', '22', '6');
INSERT INTO `menu_role` VALUES ('177', '23', '6');
INSERT INTO `menu_role` VALUES ('178', '25', '6');
INSERT INTO `menu_role` VALUES ('179', '26', '6');
INSERT INTO `menu_role` VALUES ('180', '27', '6');
INSERT INTO `menu_role` VALUES ('181', '28', '6');
INSERT INTO `menu_role` VALUES ('182', '24', '6');
INSERT INTO `menu_role` VALUES ('247', '7', '4');
INSERT INTO `menu_role` VALUES ('248', '8', '4');
INSERT INTO `menu_role` VALUES ('249', '11', '4');
INSERT INTO `menu_role` VALUES ('250', '7', '2');
INSERT INTO `menu_role` VALUES ('251', '8', '2');
INSERT INTO `menu_role` VALUES ('252', '9', '2');
INSERT INTO `menu_role` VALUES ('253', '10', '2');
INSERT INTO `menu_role` VALUES ('254', '12', '2');
INSERT INTO `menu_role` VALUES ('255', '13', '2');
INSERT INTO `menu_role` VALUES ('256', '7', '1');
INSERT INTO `menu_role` VALUES ('257', '8', '1');
INSERT INTO `menu_role` VALUES ('258', '9', '1');
INSERT INTO `menu_role` VALUES ('259', '10', '1');
INSERT INTO `menu_role` VALUES ('260', '11', '1');
INSERT INTO `menu_role` VALUES ('261', '12', '1');
INSERT INTO `menu_role` VALUES ('262', '13', '1');
INSERT INTO `menu_role` VALUES ('263', '14', '1');
INSERT INTO `menu_role` VALUES ('264', '15', '1');
INSERT INTO `menu_role` VALUES ('265', '16', '1');
INSERT INTO `menu_role` VALUES ('266', '17', '1');
INSERT INTO `menu_role` VALUES ('267', '18', '1');
INSERT INTO `menu_role` VALUES ('268', '19', '1');
INSERT INTO `menu_role` VALUES ('269', '20', '1');
INSERT INTO `menu_role` VALUES ('270', '21', '1');
INSERT INTO `menu_role` VALUES ('271', '22', '1');
INSERT INTO `menu_role` VALUES ('272', '23', '1');
INSERT INTO `menu_role` VALUES ('273', '24', '1');
INSERT INTO `menu_role` VALUES ('274', '25', '1');
INSERT INTO `menu_role` VALUES ('275', '26', '1');
INSERT INTO `menu_role` VALUES ('276', '27', '1');
INSERT INTO `menu_role` VALUES ('277', '28', '1');
INSERT INTO `menu_role` VALUES ('280', '7', '14');
INSERT INTO `menu_role` VALUES ('281', '8', '14');
INSERT INTO `menu_role` VALUES ('282', '9', '14');
INSERT INTO `menu_role` VALUES ('283', '29', '6');

-- ----------------------------
-- Table structure for mission
-- ----------------------------
DROP TABLE IF EXISTS `mission`;
CREATE TABLE `mission` (
  `id` int(11) NOT NULL AUTO_INCREMENT,
  `pid` int(11) DEFAULT NULL COMMENT '项目id',
  `mission_name` varchar(50) DEFAULT NULL COMMENT '任务名称',
  `mission_detail` varchar(255) DEFAULT NULL COMMENT '任务详情',
  `tag` varchar(50) DEFAULT NULL,
  `begin_date` date DEFAULT NULL COMMENT '开始时间',
  `end_date` date DEFAULT NULL COMMENT '截至时间',
  `status` bigint(20) DEFAULT NULL COMMENT '状态（0，未开始；1，进行中；2，测试中；3，已完成；4，优化中）',
  `create_date` datetime DEFAULT NULL,
  PRIMARY KEY (`id`),
  KEY `pid` (`pid`),
  CONSTRAINT `mission_ibfk_1` FOREIGN KEY (`pid`) REFERENCES `Project` (`id`)
) ENGINE=InnoDB DEFAULT CHARSET=utf8mb4;

-- ----------------------------
-- Records of mission
-- ----------------------------

-- ----------------------------
-- Table structure for msgcontent
-- ----------------------------
DROP TABLE IF EXISTS `msgcontent`;
CREATE TABLE `msgcontent` (
  `id` int(11) NOT NULL AUTO_INCREMENT,
  `title` varchar(64) DEFAULT NULL,
  `message` varchar(255) DEFAULT NULL,
  `hrid` int(11) DEFAULT NULL,
  `createDate` timestamp NOT NULL DEFAULT CURRENT_TIMESTAMP,
  PRIMARY KEY (`id`)
) ENGINE=InnoDB AUTO_INCREMENT=19 DEFAULT CHARSET=utf8;

-- ----------------------------
-- Records of msgcontent
-- ----------------------------
INSERT INTO `msgcontent` VALUES ('14', '2222222222', '11111111111111111', null, '2018-02-02 20:46:19');
INSERT INTO `msgcontent` VALUES ('15', '22222222', '3333333333333333333333', null, '2018-02-02 21:45:57');
INSERT INTO `msgcontent` VALUES ('16', '通知标题1', '通知内容1', null, '2018-02-03 11:41:39');
INSERT INTO `msgcontent` VALUES ('17', '通知标题2', '通知内容2', null, '2018-02-03 11:52:37');
INSERT INTO `msgcontent` VALUES ('18', '通知标题3', '通知内容3', null, '2018-02-03 12:19:41');

-- ----------------------------
-- Table structure for nation
-- ----------------------------
DROP TABLE IF EXISTS `nation`;
CREATE TABLE `nation` (
  `id` int(11) NOT NULL AUTO_INCREMENT,
  `name` varchar(32) DEFAULT NULL,
  PRIMARY KEY (`id`)
) ENGINE=InnoDB AUTO_INCREMENT=57 DEFAULT CHARSET=utf8;

-- ----------------------------
-- Records of nation
-- ----------------------------
INSERT INTO `nation` VALUES ('1', '汉族');
INSERT INTO `nation` VALUES ('2', '蒙古族');
INSERT INTO `nation` VALUES ('3', '回族');
INSERT INTO `nation` VALUES ('4', '藏族');
INSERT INTO `nation` VALUES ('5', '维吾尔族');
INSERT INTO `nation` VALUES ('6', '苗族');
INSERT INTO `nation` VALUES ('7', '彝族');
INSERT INTO `nation` VALUES ('8', '壮族');
INSERT INTO `nation` VALUES ('9', '布依族');
INSERT INTO `nation` VALUES ('10', '朝鲜族');
INSERT INTO `nation` VALUES ('11', '满族');
INSERT INTO `nation` VALUES ('12', '侗族');
INSERT INTO `nation` VALUES ('13', '瑶族');
INSERT INTO `nation` VALUES ('14', '白族');
INSERT INTO `nation` VALUES ('15', '土家族');
INSERT INTO `nation` VALUES ('16', '哈尼族');
INSERT INTO `nation` VALUES ('17', '哈萨克族');
INSERT INTO `nation` VALUES ('18', '傣族');
INSERT INTO `nation` VALUES ('19', '黎族');
INSERT INTO `nation` VALUES ('20', '傈僳族');
INSERT INTO `nation` VALUES ('21', '佤族');
INSERT INTO `nation` VALUES ('22', '畲族');
INSERT INTO `nation` VALUES ('23', '高山族');
INSERT INTO `nation` VALUES ('24', '拉祜族');
INSERT INTO `nation` VALUES ('25', '水族');
INSERT INTO `nation` VALUES ('26', '东乡族');
INSERT INTO `nation` VALUES ('27', '纳西族');
INSERT INTO `nation` VALUES ('28', '景颇族');
INSERT INTO `nation` VALUES ('29', '柯尔克孜族');
INSERT INTO `nation` VALUES ('30', '土族');
INSERT INTO `nation` VALUES ('31', '达斡尔族');
INSERT INTO `nation` VALUES ('32', '仫佬族');
INSERT INTO `nation` VALUES ('33', '羌族');
INSERT INTO `nation` VALUES ('34', '布朗族');
INSERT INTO `nation` VALUES ('35', '撒拉族');
INSERT INTO `nation` VALUES ('36', '毛难族');
INSERT INTO `nation` VALUES ('37', '仡佬族');
INSERT INTO `nation` VALUES ('38', '锡伯族');
INSERT INTO `nation` VALUES ('39', '阿昌族');
INSERT INTO `nation` VALUES ('40', '普米族');
INSERT INTO `nation` VALUES ('41', '塔吉克族');
INSERT INTO `nation` VALUES ('42', '怒族');
INSERT INTO `nation` VALUES ('43', '乌孜别克族');
INSERT INTO `nation` VALUES ('44', '俄罗斯族');
INSERT INTO `nation` VALUES ('45', '鄂温克族');
INSERT INTO `nation` VALUES ('46', '崩龙族');
INSERT INTO `nation` VALUES ('47', '保安族');
INSERT INTO `nation` VALUES ('48', '裕固族');
INSERT INTO `nation` VALUES ('49', '京族');
INSERT INTO `nation` VALUES ('50', '塔塔尔族');
INSERT INTO `nation` VALUES ('51', '独龙族');
INSERT INTO `nation` VALUES ('52', '鄂伦春族');
INSERT INTO `nation` VALUES ('53', '赫哲族');
INSERT INTO `nation` VALUES ('54', '门巴族');
INSERT INTO `nation` VALUES ('55', '珞巴族');
INSERT INTO `nation` VALUES ('56', '基诺族');

-- ----------------------------
-- Table structure for optionLog
-- ----------------------------
DROP TABLE IF EXISTS `optionLog`;
CREATE TABLE `optionLog` (
  `id` int(11) NOT NULL AUTO_INCREMENT,
  `add_date` date DEFAULT NULL COMMENT '添加日期',
  `operate` varchar(255) DEFAULT NULL COMMENT '操作内容',
  `hrid` int(11) DEFAULT NULL COMMENT '操作员ID',
  PRIMARY KEY (`id`),
  KEY `hrid` (`hrid`),
  CONSTRAINT `optionLog_ibfk_1` FOREIGN KEY (`hrid`) REFERENCES `hr` (`id`)
) ENGINE=InnoDB DEFAULT CHARSET=utf8;

-- ----------------------------
-- Records of optionLog
-- ----------------------------

-- ----------------------------
-- Table structure for politicsStatus
-- ----------------------------
DROP TABLE IF EXISTS `politicsStatus`;
CREATE TABLE `politicsStatus` (
  `id` int(11) NOT NULL AUTO_INCREMENT,
  `name` varchar(32) DEFAULT NULL,
  PRIMARY KEY (`id`)
) ENGINE=InnoDB AUTO_INCREMENT=14 DEFAULT CHARSET=utf8;

-- ----------------------------
-- Records of politicsStatus
-- ----------------------------
INSERT INTO `politicsStatus` VALUES ('1', '中共党员');
INSERT INTO `politicsStatus` VALUES ('2', '中共预备党员');
INSERT INTO `politicsStatus` VALUES ('3', '共青团员');
INSERT INTO `politicsStatus` VALUES ('4', '民革党员');
INSERT INTO `politicsStatus` VALUES ('5', '民盟盟员');
INSERT INTO `politicsStatus` VALUES ('6', '民建会员');
INSERT INTO `politicsStatus` VALUES ('7', '民进会员');
INSERT INTO `politicsStatus` VALUES ('8', '农工党党员');
INSERT INTO `politicsStatus` VALUES ('9', '致公党党员');
INSERT INTO `politicsStatus` VALUES ('10', '九三学社社员');
INSERT INTO `politicsStatus` VALUES ('11', '台盟盟员');
INSERT INTO `politicsStatus` VALUES ('12', '无党派民主人士');
INSERT INTO `politicsStatus` VALUES ('13', '普通公民');

-- ----------------------------
-- Table structure for position
-- ----------------------------
DROP TABLE IF EXISTS `position`;
CREATE TABLE `position` (
  `id` int(11) NOT NULL AUTO_INCREMENT,
  `name` varchar(32) DEFAULT NULL COMMENT '职位',
  `create_date` timestamp NULL DEFAULT CURRENT_TIMESTAMP,
  `enabled` tinyint(1) DEFAULT '1',
  PRIMARY KEY (`id`),
  UNIQUE KEY `name` (`name`)
) ENGINE=InnoDB AUTO_INCREMENT=38 DEFAULT CHARSET=utf8;

-- ----------------------------
-- Records of position
-- ----------------------------
INSERT INTO `position` VALUES ('29', '技术总监', '2018-01-11 21:13:42', '1');
INSERT INTO `position` VALUES ('30', '运营总监', '2018-01-11 21:13:48', '1');
INSERT INTO `position` VALUES ('31', '市场总监', '2018-01-11 00:00:00', '1');
INSERT INTO `position` VALUES ('33', '研发工程师', '2018-01-14 00:00:00', '0');
INSERT INTO `position` VALUES ('34', '运维工程师', '2018-01-14 16:11:41', '1');
INSERT INTO `position` VALUES ('36', 'Java研发经理', '2019-10-01 00:00:00', '1');
INSERT INTO `position` VALUES ('37', '经理', '2020-01-21 00:00:00', '0');

-- ----------------------------
-- Table structure for Project
-- ----------------------------
DROP TABLE IF EXISTS `Project`;
CREATE TABLE `Project` (
  `id` int(11) NOT NULL AUTO_INCREMENT,
  `project_name` varchar(50) NOT NULL COMMENT '项目名称',
  `detail` varchar(255) DEFAULT NULL COMMENT '详情说明',
  `status` tinyint(2) DEFAULT NULL COMMENT '状态（0，未开始；1进行中；2测试中，3，已完成）',
  `create_date` date DEFAULT NULL,
  PRIMARY KEY (`id`)
) ENGINE=InnoDB AUTO_INCREMENT=4 DEFAULT CHARSET=utf8mb4;

-- ----------------------------
-- Records of Project
-- ----------------------------
INSERT INTO `Project` VALUES ('1', '新版本发布管理', '新项目', '1', '2020-04-17');
INSERT INTO `Project` VALUES ('2', '锐捷本地化', '锐捷网络加速服务平台', '3', '2020-04-01');
INSERT INTO `Project` VALUES ('3', '异网DNS二期平台', '独立异网平台', '3', '2020-04-08');

-- ----------------------------
-- Table structure for role
-- ----------------------------
DROP TABLE IF EXISTS `role`;
CREATE TABLE `role` (
  `id` int(11) NOT NULL AUTO_INCREMENT,
  `name` varchar(64) DEFAULT NULL,
  `nameZh` varchar(64) DEFAULT NULL COMMENT '角色名称',
  PRIMARY KEY (`id`)
) ENGINE=InnoDB AUTO_INCREMENT=22 DEFAULT CHARSET=utf8;

-- ----------------------------
-- Records of role
-- ----------------------------
INSERT INTO `role` VALUES ('1', 'ROLE_manager', '部门经理');
INSERT INTO `role` VALUES ('2', 'ROLE_personnel', '人事专员');
INSERT INTO `role` VALUES ('3', 'ROLE_recruiter', '招聘主管');
INSERT INTO `role` VALUES ('4', 'ROLE_train', '培训主管');
INSERT INTO `role` VALUES ('5', 'ROLE_performance', '薪酬绩效主管');
INSERT INTO `role` VALUES ('6', 'ROLE_admin', '系统管理员');
INSERT INTO `role` VALUES ('13', 'ROLE_test2', '测试角色2');
INSERT INTO `role` VALUES ('14', 'ROLE_test1', '测试角色1');
INSERT INTO `role` VALUES ('17', 'ROLE_test3', '测试角色3');
INSERT INTO `role` VALUES ('18', 'ROLE_test4', '测试角色4');
INSERT INTO `role` VALUES ('19', 'ROLE_test4', '测试角色4');
INSERT INTO `role` VALUES ('20', 'ROLE_test5', '测试角色5');
INSERT INTO `role` VALUES ('21', 'ROLE_test6', '测试角色6');

-- ----------------------------
-- Table structure for salary
-- ----------------------------
DROP TABLE IF EXISTS `salary`;
CREATE TABLE `salary` (
  `id` int(11) NOT NULL AUTO_INCREMENT,
  `basic_salary` int(11) DEFAULT NULL COMMENT '基本工资',
  `bonus` int(11) DEFAULT NULL COMMENT '奖金',
  `lunch_salary` int(11) DEFAULT NULL COMMENT '午餐补助',
  `traffic_salary` int(11) DEFAULT NULL COMMENT '交通补助',
  `casual_leave` int(11) DEFAULT NULL COMMENT '事假',
  `sick_leave` int(11) DEFAULT NULL COMMENT '病假',
  `all_salary` int(11) DEFAULT NULL COMMENT '应发工资',
  `pension_base` int(11) DEFAULT NULL COMMENT '养老金基数',
  `pension_per` float DEFAULT NULL COMMENT '养老金比率',
  `medical_base` int(11) DEFAULT NULL COMMENT '医疗基数',
  `medical_per` float DEFAULT NULL COMMENT '医疗保险比率',
  `accumulation_fund_base` int(11) DEFAULT NULL COMMENT '公积金基数',
  `accumulation_fund_per` float DEFAULT NULL COMMENT '公积金比率',
  `name` varchar(32) DEFAULT NULL,
  `create_date` timestamp NULL DEFAULT NULL COMMENT '启用时间',
  PRIMARY KEY (`id`)
) ENGINE=InnoDB AUTO_INCREMENT=20 DEFAULT CHARSET=utf8;

-- ----------------------------
-- Records of salary
-- ----------------------------
INSERT INTO `salary` VALUES ('9', '9000', '4000', '800', '500', '100', '50', null, '2000', '0.07', '2000', '0.07', '2000', '0.07', '市场部工资账套', '2018-01-24 00:00:00');
INSERT INTO `salary` VALUES ('10', '2000', '2000', '400', '1000', '100', '50', null, '2000', '0.07', '2000', '0.07', '2000', '0.07', '人事部工资账套', '2018-01-01 00:00:00');
INSERT INTO `salary` VALUES ('13', '20000', '3000', '500', '500', '100', '50', null, '4000', '0.07', '4000', '0.07', '4000', '0.07', '运维部工资账套', '2018-01-25 00:00:00');
INSERT INTO `salary` VALUES ('16', '10000', '5000', '500', '300', '100', '50', null, '5000', '0.07', '2000', '0.05', '6000', '0.1', '研发部工资账套', '2020-01-21 16:04:00');

-- ----------------------------
-- Table structure for sysmsg
-- ----------------------------
DROP TABLE IF EXISTS `sysmsg`;
CREATE TABLE `sysmsg` (
  `id` int(11) NOT NULL AUTO_INCREMENT,
  `mid` int(11) DEFAULT NULL COMMENT '消息id',
  `type` int(11) DEFAULT '0' COMMENT '0表示群发消息',
  `hrid` int(11) DEFAULT NULL COMMENT '这条消息是给谁的',
  `state` int(11) DEFAULT '0' COMMENT '0 未读 1 已读',
  PRIMARY KEY (`id`),
  KEY `hrid` (`hrid`),
  KEY `sysmsg_ibfk_1` (`mid`),
  CONSTRAINT `sysmsg_ibfk_1` FOREIGN KEY (`mid`) REFERENCES `msgcontent` (`id`),
  CONSTRAINT `sysmsg_ibfk_2` FOREIGN KEY (`hrid`) REFERENCES `hr` (`id`)
) ENGINE=InnoDB AUTO_INCREMENT=82 DEFAULT CHARSET=utf8;

-- ----------------------------
-- Records of sysmsg
-- ----------------------------
INSERT INTO `sysmsg` VALUES ('57', '14', '0', '3', '1');
INSERT INTO `sysmsg` VALUES ('58', '14', '0', '5', '1');
INSERT INTO `sysmsg` VALUES ('59', '14', '0', '10', '1');
INSERT INTO `sysmsg` VALUES ('60', '14', '0', '11', '0');
INSERT INTO `sysmsg` VALUES ('61', '14', '0', '12', '0');
INSERT INTO `sysmsg` VALUES ('62', '15', '0', '3', '1');
INSERT INTO `sysmsg` VALUES ('63', '15', '0', '5', '1');
INSERT INTO `sysmsg` VALUES ('64', '15', '0', '10', '1');
INSERT INTO `sysmsg` VALUES ('65', '15', '0', '11', '0');
INSERT INTO `sysmsg` VALUES ('66', '15', '0', '12', '0');
INSERT INTO `sysmsg` VALUES ('67', '16', '0', '3', '1');
INSERT INTO `sysmsg` VALUES ('68', '16', '0', '5', '1');
INSERT INTO `sysmsg` VALUES ('69', '16', '0', '10', '1');
INSERT INTO `sysmsg` VALUES ('70', '16', '0', '11', '0');
INSERT INTO `sysmsg` VALUES ('71', '16', '0', '12', '0');
INSERT INTO `sysmsg` VALUES ('72', '17', '0', '3', '1');
INSERT INTO `sysmsg` VALUES ('73', '17', '0', '5', '1');
INSERT INTO `sysmsg` VALUES ('74', '17', '0', '10', '1');
INSERT INTO `sysmsg` VALUES ('75', '17', '0', '11', '0');
INSERT INTO `sysmsg` VALUES ('76', '17', '0', '12', '0');
INSERT INTO `sysmsg` VALUES ('77', '18', '0', '3', '1');
INSERT INTO `sysmsg` VALUES ('78', '18', '0', '5', '0');
INSERT INTO `sysmsg` VALUES ('79', '18', '0', '10', '0');
INSERT INTO `sysmsg` VALUES ('80', '18', '0', '11', '0');
INSERT INTO `sysmsg` VALUES ('81', '18', '0', '12', '0');

-- ----------------------------
-- Procedure structure for addDep
-- ----------------------------
DROP PROCEDURE IF EXISTS `addDep`;
DELIMITER ;;
CREATE DEFINER=`root`@`localhost` PROCEDURE `addDep`(in depName varchar(32),in parentId int,in enabled boolean,out result int,out result2 int)
begin
  declare did int;
  declare pDepPath varchar(64);
  insert into department set name=depName,parentId=parentId,enabled=enabled;
  select row_count() into result;
  select last_insert_id() into did;
  set result2=did;
  select depPath into pDepPath from department where id=parentId;
  update department set depPath=concat(pDepPath,'.',did) where id=did;
  update department set isParent=true where id=parentId;
end
;;
DELIMITER ;

-- ----------------------------
-- Procedure structure for deleteDep
-- ----------------------------
DROP PROCEDURE IF EXISTS `deleteDep`;
DELIMITER ;;
CREATE DEFINER=`root`@`localhost` PROCEDURE `deleteDep`(in did int,out result int)
begin
  declare ecount int;
  declare pid int;
  declare pcount int;
  declare a int;
  select count(*) into a from department where id=did and isParent=false;
  if a=0 then set result=-2;
  else
  select count(*) into ecount from employee where departmentId=did;
  if ecount>0 then set result=-1;
  else 
  select parentId into pid from department where id=did;
  delete from department where id=did and isParent=false;
  select row_count() into result;
  select count(*) into pcount from department where parentId=pid;
  if pcount=0 then update department set isParent=false where id=pid;
  end if;
  end if;
  end if;
end
;;
DELIMITER ;
